Recency,Frequency,Monetary Value
326,12,77556.46
2,8,5633.32
75,5,2019.4
19,4,4428.69
310,1,334.4
375,1,300.93
36,10,2849.84
204,2,406.76
232,1,1079.4
214,2,947.61
23,6,6373.68
33,3,18287.66
2,5,3887.07
58,10,8935.94
52,8,4252.89
287,4,511.25
3,11,5356.23
110,2,552.0
8,4,1313.1
291,2,641.38
634,1,500.24
4,1,168.9
628,1,917.6999999999999
413,3,1791.15
51,7,4320.31
45,5,4067.38
72,3,1298.04
311,3,1127.65
25,4,2989.2200000000003
11,2,457.5
390,2,503.15
315,4,3426.32
130,2,5416.32
82,4,1620.22
22,11,9676.300000000001
5,5,1845.31
185,5,1850.56
29,2,585.27
379,1,1938.4
338,2,660.8
415,1,143.94
16,8,3901.11
403,3,1433.33
80,1,549.84
22,6,2773.42
591,1,234.75000000000003
72,6,2399.4500000000003
64,2,1272.48
19,15,5067.27
674,1,931.43
36,2,2409.9
46,1,1635.6599999999999
119,7,1962.3
414,1,205.25
303,1,84.3
323,6,1256.9
50,2,1019.36
682,1,63.24
149,1,1710.39
22,5,6390.36
50,5,1708.1200000000001
33,8,4340.7699999999995
79,7,23419.29
309,3,1013.71
410,1,346.9
75,6,2596.93
67,4,999.45
217,6,952.41
24,28,144458.37
657,1,202.56
3,20,6816.91
113,4,2021.2
386,2,503.01
64,1,600.39
16,6,1098.6
96,17,5231.8
1,10,2622.39
163,4,3340.03
78,2,1741.41
195,2,1345.21
22,3,1129.3
26,9,7956.46
9,8,7485.91
43,1,256.4
36,27,10857.97
43,5,5059.32
1,10,20581.26
85,3,1103.43
80,6,13925.93
100,1,509.01
2,39,12683.4
14,2,2906.85
683,2,1158.18
462,2,859.2
367,1,347.1
3,1,172.06
732,1,485.31
21,5,5005.46
22,2,434.98
58,1,1002.3100000000001
243,1,476.49
44,1,449.45
22,6,4835.89
156,5,688.2
11,8,12669.88
17,2,430.57
134,1,707.09
56,5,16679.78
73,10,5879.95
44,3,3181.04
66,8,2995.91
71,4,1777.49
605,1,454.36
456,1,326.65
94,2,826.88
19,2,1189.59
53,4,1344.78
10,8,1212.05
17,2,742.1899999999999
682,1,56.73
423,1,132.8
188,5,3670.74
523,2,3070.54
690,1,211.95
2,79,39963.79
32,19,17880.59
29,5,3938.5499999999997
17,31,12424.45
54,2,1149.64
16,23,14115.41
23,9,20276.37
4,1,680.99
11,1,527.2
28,7,5464.85
23,15,12361.39
576,29,23691.4
17,19,5120.58
33,12,6370.15
529,1,708.1
432,1,1037.28
731,1,285.29999999999995
10,3,1298.66
336,1,334.93
5,21,9823.64
39,1,460.40000000000003
63,3,715.21
166,2,433.74
16,9,1872.8700000000001
641,1,357.4
620,2,54.09
82,3,6248.5
21,3,403.70000000000005
560,1,393.72
23,19,5955.21
337,1,2169.39
96,5,3723.87
584,1,1126.0
18,4,779.05
409,1,955.2
233,1,73.5
134,4,1844.06
26,2,398.27
284,1,176.5
143,9,5178.02
429,1,3084.02
66,2,138.03
113,1,612.29
267,2,1597.76
353,1,383.7
78,4,2648.62
28,5,2502.84
1,5,2056.89
64,2,726.54
79,5,2634.26
143,1,599.68
39,2,192.72
19,23,4372.15
9,17,11126.11
498,3,973.73
1,3,1316.66
82,5,735.51
9,6,1933.48
528,1,316.48
60,9,3759.26
15,2,1933.2
30,1,349.83000000000004
628,2,1367.89
131,1,1089.18
92,2,716.35
43,3,12601.830000000002
409,1,732.94
29,2,640.45
22,7,11214.75
20,33,22254.49
30,3,981.18
484,2,481.88
448,1,980.25
36,1,372.7
75,2,1000.39
47,2,1161.5
198,3,383.58
166,1,95.19999999999999
576,6,1575.68
79,1,964.83
358,1,168.0
39,2,437.82
8,12,4608.75
449,1,468.5
682,1,129.23
50,2,603.71
16,8,18716.14
8,1,269.96
311,2,561.71
5,3,2134.01
303,1,238.85
8,9,4966.92
409,1,249.24
261,1,456.9
289,1,145.92
86,1,351.65
23,15,13709.86
645,1,70.0
2,32,4124.69
682,1,77.52
40,2,519.61
9,2,1020.42
227,5,717.41
316,1,218.45
457,2,622.8199999999999
36,8,2142.72
35,8,1653.75
21,4,4642.45
78,1,440.42
247,2,1052.9
40,1,197.71
239,4,1980.4
3,27,14447.44
4,9,2338.15
234,2,2040.1
17,4,2062.67
8,1,144.0
39,4,958.78
29,8,4695.66
211,2,9864.26
317,3,1352.15
92,5,2582.66
109,3,418.09999999999997
38,15,5090.110000000001
505,1,299.02
51,2,618.27
19,4,3811.22
10,11,4534.09
29,13,2296.72
29,21,5043.92
190,6,681.26
59,1,153.12
22,1,739.1999999999999
79,2,254.18
376,4,1232.95
682,1,21.0
60,1,1579.51
405,1,415.79
78,9,3435.86
23,5,2099.54
52,1,1193.32
74,1,704.0400000000001
57,10,6835.07
278,1,315.6
2,8,5740.98
95,3,1131.1
29,1,355.53
22,1,177.31
16,10,3781.38
15,3,1339.41
2,35,24775.81
232,1,180.1
276,7,3747.84
106,2,641.13
212,4,5164.88
23,9,6620.48
11,7,4478.53
4,3,786.46
386,2,1558.22
10,2,1270.88
57,6,3481.57
521,2,804.88
59,7,5678.16
536,2,490.0
90,4,2930.41
739,1,141.0
67,12,8340.31
33,2,921.49
239,3,1312.37
24,3,1174.58
115,1,185.9
25,3,1013.26
128,12,8350.42
130,4,1918.49
34,8,3539.3
5,2,1346.97
22,36,17924.35
155,4,1112.0
107,8,2294.65
3,1,314.44
335,4,377.75
331,2,1017.03
149,3,4160.83
11,5,601.98
424,1,261.35
17,8,6407.83
11,4,1643.18
19,1,686.05
30,1,91.68
11,1,245.1
436,1,162.0
1,20,6988.02
625,2,239.4
8,11,6070.04
325,3,313.6
394,1,1248.42
58,1,620.13
12,10,11444.68
151,3,2744.0299999999997
10,7,3760.29
606,1,2622.481
330,2,437.05
5,3,1230.02
39,4,1970.6
554,2,958.5
25,11,2843.09
555,2,395.1
42,21,34281.18
59,4,1113.02
1,4,880.81
15,45,30868.28
4,52,24033.91
4,21,12696.78
8,7,2283.63
28,6,2863.08
372,1,178.28
481,2,2138.91
114,1,4873.8099999999995
26,2,1247.61
206,1,389.01
28,7,1170.4
637,1,110.95
127,7,1703.02
70,3,1843.35
7,7,1407.1200000000001
435,2,851.91
29,3,957.59
590,1,339.75
418,1,638.11
8,4,4939.99
80,6,2446.41
20,1,219.0
71,4,1006.53
7,8,2340.84
15,14,11762.1
292,1,603.42
30,18,5314.1
15,34,31093.34
97,3,1149.02
612,2,1339.05
29,21,7193.66
1,1,848.55
9,12,14093.71
106,1,353.86
4,2,1053.49
151,3,1308.91
71,1,238.25
5,2,644.95
3,30,8260.67
32,8,4013.08
85,4,997.63
4,5,725.07
5,7,2317.52
371,4,2694.56
28,11,4014.6
11,10,5679.53
71,5,1070.17
114,1,453.01
522,1,829.25
24,17,25775.71
180,1,236.26000000000002
234,4,2424.87
353,3,639.65
315,2,779.5699999999999
333,1,234.0
499,2,3710.5
372,1,310.7
78,4,2726.73
64,1,427.6
529,2,406.07
626,1,1201.52
134,2,546.43
52,11,25317.06
487,3,925.41
541,1,254.55
2,26,9276.539999999999
1,337,56599.39
4,9,6897.36
129,1,275.88
445,1,268.27
81,1,4366.78
23,6,21429.39
236,3,3010.74
281,11,9030.66
87,1,112.07999999999998
16,13,7857.1
117,7,9903.24
52,8,5020.74
456,1,347.8
458,2,782.95
8,2,1898.52
138,2,814.16
317,1,1693.88
472,6,1404.58
4,9,10068.28
376,1,949.82
451,1,168.69000000000003
239,1,1143.6
211,2,3246.45
486,1,282.3
60,1,892.47
564,1,124.25
536,1,98.7
17,7,1686.12
668,1,55.5
458,1,519.45
20,9,1775.68
38,14,6722.2699999999995
599,1,337.4
64,2,826.74
5,11,4618.24
2,6,2225.91
9,3,1804.75
364,3,1100.4
610,1,728.5
10,4,862.18
463,4,444.9
65,3,273.35
192,2,591.85
374,6,1056.1100000000001
257,2,827.01
335,3,1017.33
53,2,860.41
19,1,430.48
628,1,381.0
366,2,806.11
10,4,8510.93
529,1,219.35
470,3,584.25
501,1,1071.82
187,7,2416.42
393,1,1092.81
466,2,327.02
382,4,1434.95
435,4,2878.96
383,1,330.35
37,5,906.1
178,3,1755.94
535,2,534.99
261,5,1033.9
45,1,229.64000000000001
502,3,1687.8
102,1,125.92
148,2,1063.46
96,2,572.2
281,3,690.98
262,1,1542.08
458,1,540.52
3,11,2689.52
214,2,220.8
71,2,948.88
75,18,6501.5
60,1,397.12
521,2,518.63
3,12,2955.75
6,3,430.15000000000003
3,6,1018.71
337,3,385.3
38,6,6814.64
262,3,451.11
32,2,383.03
145,1,417.38
283,1,312.38
428,41,6043.31
59,15,6585.62
173,2,688.41
34,10,3398.48
3,26,10071.73
144,7,4041.97
5,40,7540.68
70,4,1917.99
66,30,6588.41
29,4,648.6
267,4,354.09
682,1,15.58
22,2,1636.8999999999999
676,1,208.0
31,6,3090.56
446,1,330.0
97,2,284.13
295,1,311.55
135,11,3907.5
79,7,2994.02
373,4,650.9399999999999
8,6,2179.93
211,6,3688.0
383,1,177.92
459,1,575.1
693,1,55.47
620,1,68.25
426,2,1008.3199999999999
52,6,2792.5499999999997
138,2,299.57
26,4,3323.47
283,3,1227.35
26,13,7913.29
186,8,2247.06
682,1,337.66999999999996
375,3,1676.95
84,3,744.02
327,12,3685.4900000000002
282,3,2027.3
385,2,948.42
143,5,1356.99
58,4,4081.79
4,20,2955.17
236,2,854.99
45,3,573.22
382,2,640.13
276,1,298.0
9,2,1463.04
25,4,703.47
88,1,309.05
63,3,1175.22
68,2,1378.4
384,1,222.4
214,2,354.12
381,4,385.46000000000004
24,2,717.27
186,11,840.5
397,1,263.38
31,1,188.14
575,1,157.35
42,2,372.8
205,4,514.25
464,2,310.96000000000004
414,1,366.4
422,1,340.33
9,28,17654.54
265,1,138.68
429,1,833.53
18,2,509.58
577,2,1018.42
12,5,2919.81
396,2,508.91
176,5,1776.0
40,8,3103.19
23,13,5796.52
552,1,1680.47
3,5,1662.3
5,13,6700.860000000001
401,1,223.98
149,4,1174.75
139,7,4654.0199999999995
128,6,4359.2
626,1,10953.5
8,6,1335.19
17,4,488.09000000000003
9,74,35921.04
161,1,405.38
64,3,789.87
88,12,2469.4
5,3,729.3299999999999
411,4,1548.46
395,1,197.31
35,12,4304.89
312,1,117.85
78,2,415.8
22,57,92347.34
539,8,1698.56
24,8,1687.03
737,1,181.65
2,15,4243.86
17,4,1063.9
15,9,3097.61
26,1,114.14
64,20,25264.8
55,2,913.54
724,1,377.49
131,3,942.65
558,2,496.5
36,2,604.51
288,2,900.11
437,1,324.45
144,6,1908.03
16,9,2317.43
31,22,15526.7
2,3,1843.0
9,15,3213.7200000000003
6,4,1387.79
10,2,828.8100000000001
639,1,162.45
1,11,4757.16
306,4,521.89
10,13,8706.97
400,2,539.49
484,1,150.95
414,4,1322.07
379,1,211.99
7,2,266.39
8,12,3601.59
437,1,132.24
89,1,771.91
10,1,160.18
358,3,4306.92
112,1,135.95
603,1,122.45
7,10,1524.97
4,116,15972.79
414,4,1161.2
414,1,385.55
198,2,408.95
437,6,2100.09
212,8,3156.38
156,4,517.63
385,5,2502.82
729,1,517.7
158,21,16245.78
30,2,372.21999999999997
243,8,2744.81
598,1,490.08000000000004
19,1,97.5
1,2,1239.38
429,10,2729.84
74,5,1312.21
292,1,535.32
3,33,13551.75
31,7,955.5
23,3,764.82
725,1,93.35000000000001
23,8,1259.6299999999999
4,3,974.4200000000001
85,1,211.32
376,1,355.5
22,8,2110.91
493,3,920.08
196,3,455.88
107,4,1032.5
4,33,24172.100000000002
318,3,414.13
106,3,149.05
12,36,11650.85
174,4,999.68
56,1,81.57
580,1,175.25
323,3,612.13
673,1,234.0
374,2,330.12
372,1,101.10000000000001
9,11,2972.83
1,29,12625.77
11,11,5381.08
53,11,6586.42
73,3,789.89
7,1,204.0
16,35,9763.16
379,6,1229.95
563,2,618.96
4,17,4887.24
430,1,65.3
64,3,1449.03
471,2,555.87
732,1,323.39
1,9,1733.08
114,19,17335.2
23,2,661.3199999999999
31,5,1927.3
11,2,1227.22
407,5,3419.27
52,9,2843.55
357,2,220.55
55,3,922.68
74,3,1364.2
685,1,307.1
138,12,3914.9500000000003
80,3,908.46
584,4,1010.73
9,2,676.99
451,4,799.13
598,3,1556.54
273,1,516.42
291,11,4853.9
99,3,808.92
31,3,949.25
32,24,8795.16
14,9,4084.21
64,4,1408.24
15,35,12344.53
579,2,155.8
212,7,3168.53
622,1,127.65
78,4,2321.11
551,1,209.48
530,3,722.09
25,3,271.40000000000003
250,10,2303.17
254,1,307.53
72,1,248.61
191,1,346.98
481,1,188.4
13,6,1680.74
373,5,1260.91
24,2,470.8
82,3,508.51
10,2,344.0
1,38,9683.13
192,4,751.7
612,1,129.22
267,1,177.15
411,2,418.08
511,4,1378.74
130,1,919.61
458,1,135.4
1,11,3064.67
3,57,29532.45
4,6,419.18
179,4,280.73
12,28,59205.15
126,21,7335.75
4,3,395.43
492,1,122.39999999999999
158,8,2433.28
383,1,439.33000000000004
726,1,313.64
417,1,236.11
3,203,116737.86
9,24,14103.09
28,3,2321.82
71,12,2140.28
276,55,54943.65
21,13,2433.1200000000003
71,1,74.39999999999999
394,1,419.70000000000005
33,28,13389.22
1,28,28882.44
99,1,207.35999999999999
234,4,695.4
1,37,11696.92
40,3,709.64
3,9,1709.1
436,1,72.0
133,2,603.46
44,9,5253.07
373,2,1098.52
60,3,1134.03
31,12,2957.4700000000003
719,1,321.88000000000005
541,1,20.6
1,37,18625.73
731,1,234.38
12,10,5494.7
138,1,501.14
22,18,2643.81
20,9,2415.41
669,1,134.9
239,1,30.599999999999998
269,1,283.73
94,2,922.39
473,2,506.75
90,4,4782.45
524,1,158.57
5,13,3998.25
78,1,259.17
631,1,263.5
452,2,233.25
94,1,64.0
23,7,3313.77
262,1,77.3
274,3,200.45000000000002
86,6,2475.23
197,2,3371.45
56,13,6274.56
11,16,7712.7
22,7,1467.24
16,8,8202.98
108,5,1215.68
85,17,7668.58
19,1,307.09
585,1,405.1
333,2,135.35
40,7,1423.52
26,1,228.91
10,4,712.8000000000001
29,26,8621.81
14,4,1676.06
484,3,449.96999999999997
296,3,2580.7400000000002
417,7,2146.38
6,1,486.22
399,3,1624.84
33,6,1750.18
385,3,1586.54
49,9,5687.36
95,5,1508.18
9,4,1437.85
22,1,91.8
313,2,478.88
122,16,9275.49
610,1,17.65
569,2,372.2
46,3,1451.16
283,2,884.18
19,5,1125.15
36,5,1875.31
64,3,840.08
27,1,116.00999999999999
22,3,468.41
400,1,69.6
4,11,2639.35
16,12,9494.84
582,2,831.45
46,1,492.84
65,2,512.2
26,21,14059.19
619,1,572.3100000000001
607,1,86.10000000000001
381,1,359.69
45,1,121.18
8,15,7036.18
15,10,1701.29
268,1,71.4
40,3,1575.89
337,4,367.01
11,1,114.60000000000001
19,2,260.68
544,3,570.66
658,1,164.69
95,6,2558.58
61,1,117.88
136,2,472.78
414,1,172.38
11,7,3068.84
610,1,373.01000000000005
10,8,4974.2300000000005
4,67,16432.89
19,4,870.09
502,4,1240.6100000000001
394,7,1580.3
10,10,2648.25
731,1,966.6600000000001
443,1,2803.2
400,13,8377.32
15,4,535.86
59,9,1988.5
30,13,8509.51
94,1,353.48
10,10,2729.32
20,3,788.08
57,11,3851.52
418,7,3264.23
402,1,81.6
268,1,333.74
122,4,666.48
127,1,62.63999999999999
618,1,76.23
78,5,1336.0900000000001
240,2,847.41
577,1,88.5
200,6,969.1200000000001
60,2,2155.95
3,16,16260.07
273,2,312.46
202,1,257.7
81,1,358.0
226,1,160.95
4,30,6360.78
13,7,1357.6
74,4,1176.46
673,2,356.95
212,1,1031.07
25,2,744.85
388,1,643.0
17,6,1006.63
262,5,1594.69
96,8,1738.52
412,1,115.58
112,7,699.4
203,5,1278.04
93,1,121.74000000000001
51,2,989.22
18,11,3387.43
18,4,501.12
125,2,465.68
92,9,1608.93
461,2,256.04
402,1,252.68
394,2,399.3
157,4,2951.11
376,1,51.410000000000004
9,3,904.46
436,1,149.75
12,5,1035.18
62,9,1433.38
61,1,557.62
269,2,944.1
263,3,573.45
1,39,8704.69
443,1,722.5600000000001
53,5,2107.66
11,19,6135.04
3,36,9758.26
18,11,3214.69
1,28,8891.7
366,1,1180.0
37,1,217.38
31,2,276.56
113,1,138.98
409,1,360.85
384,2,241.66
64,5,1939.26
16,7,523.3
41,4,1435.85
78,1,137.75
122,7,2322.63
439,1,350.85
18,4,1313.19
60,4,373.36
331,1,201.19
23,6,3364.59
600,1,734.91
603,3,781.59
443,5,927.61
724,1,307.95
438,1,208.63
156,11,3320.84
39,5,994.51
392,6,1192.94
190,3,1689.53
360,4,1101.97
137,6,792.51
8,7,4368.62
1,1,360.0
268,3,1218.7
169,3,1285.51
104,4,618.09
155,2,159.2
400,1,61.72
351,4,1217.99
4,16,3754.71
430,1,53.65
120,3,273.34
23,4,1670.3700000000001
7,6,1706.3700000000001
28,5,1541.2
4,2,598.57
451,1,124.75
22,12,3445.32
2,3,775.94
689,1,310.26
37,10,13191.57
66,19,6486.091
1,3,640.76
5,58,22082.5
78,6,2228.1
72,2,567.36
17,1,199.48000000000002
3,5,787.85
36,18,10513.47
82,1,675.3
432,1,281.76
39,20,9879.48
316,1,1308.48
32,8,5112.97
93,6,2806.18
402,1,262.4
14,1,350.9
411,3,1015.74
82,5,6263.75
77,1,795.12
546,1,1575.26
158,4,2445.62
201,1,860.12
45,12,22100.56
261,1,775.85
178,1,353.43
68,3,2543.72
288,1,389.5
463,6,299.4
70,1,341.36
64,1,233.76
11,1,247.32
16,2,979.12
66,1,373.94
60,1,397.97999999999996
71,1,743.53
122,1,674.7
80,1,768.24
257,5,3838.36
269,1,439.03
64,2,1043.31
432,4,1553.65
472,2,1450.5
9,7,5394.07
18,3,1723.86
71,1,134.95999999999998
34,2,2225.37
50,1,56.160000000000004
432,1,510.20000000000005
257,4,1121.5
366,1,616.5600000000001
372,1,1509.74
505,2,2297.66
90,1,378.64
61,6,7587.1900000000005
415,2,422.8
89,2,1792.23
99,3,1019.76
397,2,1552.88
26,3,572.56
433,1,62.4
32,12,8224.37
281,5,1387.58
544,1,305.28000000000003
31,11,6680.83
330,1,534.57
414,2,835.46
417,1,189.44
131,3,1185.65
11,3,797.96
75,1,544.08
204,1,59.8
677,1,91.14
584,4,1131.45
2,19,6621.7
185,3,1180.23
29,2,1360.99
73,10,3191.87
192,2,670.34
464,3,275.4
583,1,310.83
127,4,1535.13
18,3,229.5
1,2,252.49
74,6,1213.811
427,2,568.92
579,3,2244.7
2,106,51733.462
24,9,2201.96
107,1,213.55
620,1,487.34999999999997
640,6,429.44
134,6,2494.14
473,4,800.67
44,3,940.8000000000001
5,6,1669.49
12,31,12233.6
64,1,221.06
150,2,159.85
40,8,4103.12
64,1,2626.3
429,1,217.03
450,1,572.77
108,5,3403.63
1,22,8167.38
19,6,1006.53
10,3,499.98
11,4,1006.8
19,2,679.45
67,8,3316.24
571,2,439.1
501,4,658.3199999999999
74,5,1666.8600000000001
5,9,4475.2300000000005
2,1,196.89
14,7,3408.06
547,1,46.5
255,3,986.61
423,7,1295.25
92,2,720.9
667,3,419.87
449,6,1280.16
374,2,631.6800000000001
626,1,241.89999999999998
430,11,3881.89
23,3,1129.14
17,13,9240.87
24,1,291.88
27,13,4120.04
26,11,7190.92
259,3,729.8
166,3,781.6899999999999
641,1,219.87
25,6,2905.93
18,6,1766.72
689,2,148.22
7,16,11959.27
625,2,1160.4099999999999
29,2,183.44
39,6,4160.0
253,5,1153.85
58,6,3097.64
446,2,931.12
184,5,1013.35
11,2,1083.71
2,72,13390.51
653,1,82.4
99,2,165.0
1,4,2531.58
464,2,592.24
61,8,2657.7599999999998
236,3,663.79
191,4,1431.78
179,5,2061.4700000000003
38,11,2834.17
469,5,2215.78
201,4,851.37
417,2,627.82
46,11,3830.84
232,2,336.09
66,1,140.34
241,3,790.72
233,11,3019.2200000000003
78,3,1122.41
58,5,846.87
17,23,15587.88
105,4,449.52
654,1,154.25
52,27,4566.56
136,3,1269.84
275,2,618.63
312,1,316.26000000000005
8,10,5374.26
11,2,653.33
283,6,1320.33
730,1,327.38
18,5,1159.11
23,4,1466.3
288,3,2885.11
17,5,780.5
71,6,1905.39
64,1,295.93
73,4,4393.63
316,5,1639.2
3,4,2479.16
244,2,287.05
9,8,1114.72
1,11,4558.29
677,1,282.76
261,4,713.39
127,3,824.59
74,4,815.9000000000001
73,6,1265.82
21,4,1685.26
60,3,2128.42
86,1,659.4399999999999
78,2,343.21
59,11,6909.4
1,3,1093.65
30,1,125.80000000000001
33,6,5101.52
41,5,680.1800000000001
15,2,628.78
738,2,1182.0
34,12,4683.74
79,2,307.76
634,1,402.97999999999996
205,6,1738.52
34,1,210.31
183,3,270.79
2,35,7720.9
403,1,89.5
1,7,3448.29
426,2,717.85
43,12,3112.73
86,7,1569.3600000000001
467,3,632.39
427,2,785.25
377,17,4006.17
634,2,1439.6100000000001
40,6,829.0
391,2,374.64
12,5,1092.14
408,1,175.53
96,3,908.99
26,8,1005.8
383,1,349.51
319,2,244.2
66,22,6978.92
675,1,517.8
380,7,1638.28
74,13,8999.19
429,2,200.82
28,13,3032.26
6,4,605.06
513,2,990.0
7,1,174.37
216,11,1820.72
82,8,4838.18
84,2,777.53
144,37,17249.55
19,3,414.8
41,5,1708.1200000000001
428,4,1083.69
173,1,192.85
17,4,893.78
243,1,239.49
13,26,4546.54
206,1,1384.25
50,6,916.47
411,1,421.25
23,5,732.0699999999999
10,28,11551.74
25,11,3489.28
409,1,147.66
15,5,1539.04
406,1,107.75
309,2,280.53000000000003
390,2,241.68
156,2,1445.031
307,3,392.45
531,3,684.54
541,1,131.53
64,4,1673.5
16,9,2478.95
15,6,1120.74
11,18,6349.59
65,7,2093.94
36,4,247.95999999999998
108,14,5523.6900000000005
53,2,533.32
517,3,818.22
6,2,697.04
400,2,396.71
47,5,789.59
1,33,10167.630000000001
312,2,518.42
45,4,1185.14
65,4,1025.17
26,1,164.34
659,1,717.62
387,2,522.67
29,3,280.53999999999996
40,2,1078.31
541,1,236.2
593,1,167.35
12,14,2175.88
89,10,3319.53
633,1,818.29
453,5,1039.8500000000001
24,6,2359.19
319,8,6272.53
568,2,288.1
40,8,1278.75
174,1,177.34
545,2,231.69
528,1,112.34
117,1,213.85
696,1,658.95
31,10,2566.49
388,1,462.08
597,1,301.26
253,2,707.04
59,7,2245.9
676,1,310.14
23,19,13370.86
5,7,2031.78
100,11,3070.42
25,8,3648.15
33,16,5073.47
68,4,2999.16
37,5,949.12
52,3,810.5
16,1,122.64
74,2,1346.27
611,1,405.0
641,5,1016.47
216,4,514.72
31,10,2156.77
16,4,2624.26
120,1,252.1
400,2,326.25
10,8,3071.68
400,8,1764.02
257,6,1678.88
17,10,3288.0
35,3,226.85
46,5,2570.85
488,1,152.2
43,11,6308.0
114,6,2280.51
165,4,1078.85
11,2,382.14
10,9,6025.5
206,12,4894.88
400,1,314.59
603,1,325.24
86,11,2250.11
179,5,2047.51
386,3,1711.6599999999999
60,5,127.89999999999999
149,1,305.02
3,35,13089.94
51,3,413.55
75,1,349.7
395,1,194.95
301,3,419.92
19,2,396.92
433,1,240.68
151,2,486.82000000000005
539,2,243.9
405,2,556.1899999999999
152,1,232.6
494,3,281.26
1,12,11435.67
18,4,827.83
187,1,59.5
458,1,258.6
286,4,596.98
3,7,3119.44
183,3,409.04
438,1,11880.84
635,1,375.5
63,2,1259.5
59,1,172.25
396,1,212.78
25,5,3114.4
374,9,2011.82
4,143,196482.81
31,16,2770.73
422,3,2020.4
39,1,151.29999999999998
597,2,465.53000000000003
155,2,764.15
26,13,2613.46
447,1,161.0
446,1,135.18
318,2,425.56
5,9,2308.06
8,7,2035.33
303,2,631.17
267,5,3365.86
271,1,296.88
4,18,7591.75
32,3,509.52
219,9,1792.26
247,2,766.42
408,3,743.26
465,1,161.35
281,17,8483.29
269,1,138.28
32,8,1763.3
246,2,306.55
15,11,2815.25
117,4,799.9
36,2,741.54
132,10,5635.41
217,6,1209.2
637,1,213.01
50,8,1980.56
39,2,1079.6599999999999
29,8,1080.05
37,16,2855.17
436,3,724.73
136,2,752.6
219,2,610.59
28,1,491.86
411,2,487.03000000000003
509,4,6701.640000000001
25,13,9813.22
5,7,2766.21
200,1,339.59999999999997
396,1,440.93
18,2,292.2
241,5,1597.77
72,3,668.4300000000001
17,12,3131.02
3,7,1341.6
95,2,1156.36
162,2,777.36
414,1,176.69
374,2,249.39999999999998
96,9,2268.35
54,11,3602.1800000000003
288,1,296.25
124,7,1590.73
288,4,2094.57
152,3,447.05
4,9,2161.35
2,23,9207.5
675,1,195.55
12,15,9416.98
33,2,659.4100000000001
54,5,1363.6399999999999
50,6,1952.17
219,5,2472.48
63,3,5217.4400000000005
71,6,2953.26
653,1,352.821
495,1,190.35
2,73,35540.53
727,2,875.97
2,20,5800.42
422,4,785.37
64,9,5728.82
34,8,3114.22
397,2,301.54
82,1,345.0
591,1,1049.66
428,2,623.98
1,61,56478.42
103,4,1124.49
516,1,161.13
7,3,735.82
251,3,778.83
13,13,1793.72
488,4,1542.09
10,14,2910.23
429,4,542.49
367,6,3358.94
76,6,1222.5
505,1,3.75
388,1,239.45999999999998
4,1,348.8
128,2,1516.0
66,3,383.95
647,1,96.0
547,1,126.03
388,4,836.3
499,1,289.7
437,3,1179.45
1,110,75836.87
117,9,2803.57
310,3,1679.56
67,1,324.8
139,19,26259.11
255,3,1338.91
31,9,3208.52
52,2,924.6
64,1,256.38
367,3,534.8
6,5,1747.66
305,3,679.7
29,3,1499.01
184,3,814.5
42,3,539.0
40,8,2765.47
92,3,2257.32
22,8,7475.74
24,2,571.6700000000001
29,2,382.98
430,1,61.28
302,6,2642.35
418,3,660.65
145,6,1410.73
6,2,632.0
19,7,3403.4500000000003
33,12,3314.76
622,2,255.59
176,1,189.5
58,3,412.05
22,1,209.49
421,1,102.0
582,1,156.85000000000002
16,18,7023.58
19,2,613.6899999999999
159,2,701.36
577,2,324.19
25,7,1095.27
399,2,620.37
212,2,271.24
6,10,1966.09
486,1,139.95000000000002
416,1,651.4
253,1,85.0
59,18,5629.91
381,1,319.75
11,1,361.62
65,1,312.98
25,4,1307.79
720,1,310.72
92,8,3335.0
52,5,3469.3
129,1,1595.48
96,8,4606.46
611,1,187.35000000000002
57,1,1090.14
9,39,12253.96
501,4,1310.3400000000001
169,11,1142.03
393,6,1001.01
57,1,216.17
326,2,515.86
1,5,1245.9
429,2,273.26
18,9,2556.09
248,4,1239.55
387,1,662.4000000000001
58,4,501.56
74,1,145.67000000000002
31,3,1015.29
7,2,3192.54
123,10,8111.57
2,15,5712.08
23,17,7885.85
527,3,919.57
120,8,1038.92
358,7,2049.15
54,14,4814.37
64,1,122.7
86,3,449.68
55,4,2473.06
646,1,395.5
21,17,4391.66
4,43,45179.1
3,5,1191.13
11,15,6560.02
7,10,1888.48
189,2,506.8
71,1,243.56
204,1,349.55
120,7,2169.05
93,6,1991.23
1,14,2927.38
378,3,863.5600000000001
27,6,1267.6499999999999
298,1,821.1
24,3,564.62
28,6,4008.52
626,1,388.55
50,3,1160.72
326,2,686.4
16,2,388.52
183,6,1610.59
72,15,5676.34
632,5,34095.26
400,1,165.45000000000002
37,2,332.64
733,1,312.65
409,1,42.0
692,1,136.8
80,4,2369.55
423,2,286.6
57,20,4234.99
424,1,124.95
507,1,42.22
12,2,626.45
394,1,70.80000000000001
464,4,1275.81
50,2,272.04
50,2,1212.8400000000001
59,4,1360.68
432,4,1774.68
402,4,730.7
352,3,865.2
54,1,351.13
2,6,1838.8500000000001
93,4,678.25
23,1,223.85000000000002
75,2,708.26
11,4,464.57
169,11,3494.1
58,2,337.34
96,11,5257.38
295,1,307.4
109,2,608.7900000000001
264,1,922.1
597,3,6116.92
180,3,939.66
169,2,880.13
35,1,71.66
23,7,1560.96
17,4,839.14
22,15,11122.300000000001
535,1,320.0
578,1,246.54
653,1,200.43
395,2,854.15
79,6,1876.23
65,1,90.6
361,4,548.76
3,6,2427.32
11,4,745.06
176,3,674.45
218,14,12823.521
7,12,6640.68
2,2,439.92
154,3,545.17
5,5,1026.42
418,3,458.25
380,8,4709.2300000000005
79,6,1076.18
21,2,230.22
392,1,538.4
22,3,362.8
308,17,3011.87
387,2,438.9
477,3,996.61
435,1,390.86
146,2,166.3
423,1,123.66
7,35,13365.87
386,2,846.55
19,14,4667.57
71,2,190.25
287,1,264.7
49,2,677.72
31,12,5358.84
207,4,1192.36
411,1,519.8100000000001
15,2,196.79000000000002
73,7,3416.23
60,5,799.92
416,1,331.14
39,9,4445.59
30,21,7108.45
27,12,2048.6
4,22,10020.86
17,1,320.46
380,2,682.54
20,8,4757.8
66,5,2026.06
213,1,311.3
12,6,855.97
30,3,219.5
43,19,6775.71
4,6,2313.14
15,14,3902.01
386,2,895.76
519,3,382.31
447,3,566.7
10,29,9502.26
211,5,2046.3400000000001
46,9,4530.09
134,2,529.73
733,1,209.41
43,11,6258.45
10,5,2874.72
116,7,2196.67
513,1,79.48
432,1,509.04
198,3,1099.91
565,2,445.15
480,2,457.82
278,1,328.8
110,5,1084.57
77,3,1948.21
53,1,917.34
162,11,11403.41
571,1,229.75
645,1,367.15000000000003
47,3,1421.61
17,4,1249.01
155,7,1716.58
225,2,792.15
7,2,584.07
122,3,645.74
465,8,4057.9
471,2,713.11
61,1,104.82
550,3,10396.5
63,2,467.66
18,20,8262.29
7,44,40999.17
2,16,4850.2699999999995
555,1,109.44
22,3,651.8199999999999
29,9,2856.72
285,1,626.65
176,6,836.95
78,5,3069.88
33,2,267.28000000000003
41,35,12645.57
266,1,141.41
725,1,431.98
491,2,304.25
27,10,3123.1
109,16,11313.029999999999
284,1,154.99
9,14,4255.03
305,3,748.69
17,13,13239.03
32,2,746.36
1,37,22434.0
20,2,480.81
124,4,572.3
65,1,92.46
106,3,1520.96
1,23,8214.65
24,22,8408.84
463,2,469.19
267,1,183.6
5,30,9519.08
507,3,917.4300000000001
10,24,25604.2
438,9,22710.2
29,15,3332.42
389,3,891.02
267,1,152.55
64,2,374.7
320,4,1528.3700000000001
515,2,230.06
685,1,326.55
4,8,1438.82
667,1,390.85
32,1,151.04
623,1,219.39999999999998
5,6,1734.87
129,1,122.47
41,6,615.0799999999999
102,9,1692.6299999999999
125,2,618.73
33,5,1115.68
302,10,5370.1
365,2,413.36
4,11,1407.26
512,1,150.5
2,33,10104.97
463,1,39.95
3,3,846.22
10,16,64036.8
57,1,161.0
325,1,76.32000000000001
654,2,9530.08
8,24,7229.45
12,1,442.85
440,1,335.22
723,1,2.95
4,17,65164.79
481,2,422.85999999999996
37,1,147.35
16,20,5765.71
138,1,194.9
74,13,9961.93
5,5,1360.28
155,5,771.5799999999999
239,5,5988.83
737,1,214.79999999999998
52,11,4877.3
31,4,1044.96
73,1,144.2
4,33,12987.95
14,4,692.85
23,13,5834.59
4,16,7092.610000000001
274,7,1364.09
502,2,622.6700000000001
20,5,1382.74
144,1,90.0
429,1,458.45
376,2,183.37
4,4,2780.15
406,3,362.42
733,1,436.18
84,1,419.58000000000004
11,3,2740.43
8,4,1172.46
123,6,1900.0800000000002
61,3,924.21
2,9,2591.34
319,4,1882.67
649,1,187.87
2,11,3586.0299999999997
130,4,911.14
383,15,11123.35
2,24,9643.92
401,5,1570.81
696,1,332.7
2,2,982.3800000000001
46,4,1086.8
4,2,935.05
3,4,915.13
373,2,983.15
134,1,115.8
486,1,30.599999999999998
47,7,7600.05
9,12,9450.3
78,9,2590.2
234,2,466.29
221,1,446.62
36,2,658.64
673,2,679.45
75,7,1997.3400000000001
483,1,233.4
239,8,6460.7
266,1,118.75
10,156,313946.37
20,5,1002.78
40,1,507.66
20,20,7938.01
610,7,8421.47
216,7,3318.88
174,2,289.36
87,5,2594.62
71,2,1631.77
276,1,122.53999999999999
505,2,256.85
39,8,1296.49
421,2,370.45
431,2,624.4300000000001
375,3,597.33
98,2,498.79
605,3,402.72
11,6,586.0
33,1,134.46
60,8,7678.88
297,5,916.01
86,13,2229.34
9,7,1620.93
41,2,719.78
11,33,6319.25
411,2,310.55
444,4,678.77
411,2,286.29
67,1,452.89
331,1,197.65
427,5,1550.63
474,1,123.5
31,6,2054.36
2,16,5814.39
666,1,79.9
2,15,4817.66
388,1,293.74
68,3,1210.19
5,36,18670.59
202,6,2615.6
107,1,335.52
411,1,390.05
18,9,1569.73
218,4,1091.7
617,1,379.2
60,10,1193.54
381,3,847.76
397,1,339.34
2,4,1062.96
17,9,2414.2
239,3,1185.01
688,1,157.8
95,2,567.05
11,15,4993.27
106,16,5861.52
53,18,4402.29
90,2,2190.14
405,1,1192.2
31,5,1004.38
12,9,3416.33
3,5,2150.04
2,23,3416.89
43,1,169.48000000000002
4,3,633.83
247,4,1515.0
42,17,6517.49
177,1,683.17
92,3,991.13
110,9,1897.9
435,4,2037.02
29,6,3002.53
26,15,6368.71
438,3,745.5
52,7,2594.04
436,3,979.8000000000001
184,4,1235.6200000000001
43,5,2048.07
49,7,2904.27
22,4,775.46
75,9,4717.99
81,5,1744.64
373,2,632.14
326,3,434.23
43,21,4263.17
30,3,1247.49
184,2,333.70000000000005
235,2,280.55
9,17,7431.05
661,1,366.41999999999996
220,2,1693.45
111,3,1474.06
278,5,772.66
318,3,1032.95
411,12,5625.461
7,3,1904.05
2,5,2879.7000000000003
381,1,350.99
493,2,363.40000000000003
433,1,601.03
546,1,1000.63
260,5,2473.9900000000002
64,9,5954.45
9,25,32051.34
142,1,120.0
471,3,824.28
51,2,1163.45
8,8,2618.23
423,1,322.93
155,6,1517.3600000000001
109,4,1373.35
428,1,40.56
163,3,1516.24
471,1,354.85
439,1,295.73
332,1,492.65000000000003
226,2,219.13
74,4,920.81
51,4,559.97
686,1,256.6
396,6,1189.3799999999999
99,7,2102.68
15,9,17225.81
410,1,205.83
521,2,191.86
197,1,134.04
408,1,245.15
3,25,7849.66
463,4,628.4399999999999
31,3,1299.65
21,8,3284.42
24,7,8479.76
8,3,176.63
213,1,426.6
9,6,911.26
11,8,4516.56
2,23,7904.1
8,16,9226.25
3,9,3267.9300000000003
407,1,375.34
40,5,2362.91
421,2,456.40000000000003
18,4,1305.33
8,82,91194.49
8,27,14499.49
19,1,43.2
117,4,1992.18
431,3,742.9000000000001
407,2,277.94
223,3,1725.01
71,3,1858.96
51,6,3151.4
89,10,5071.03
549,2,1147.02
8,11,3780.81
433,1,492.1
243,2,516.45
47,11,3090.29
107,2,229.8
45,8,3197.82
422,5,1370.34
65,1,508.58000000000004
460,1,158.02
424,1,494.85
207,5,1346.75
11,7,2218.06
429,4,474.1
115,2,605.0600000000001
410,2,701.61
570,1,245.48000000000002
242,3,940.98
163,6,1894.93
438,1,445.05
17,15,9927.22
624,1,200.63
124,2,462.65999999999997
23,5,1943.51
68,1,415.2
17,12,4318.48
16,2,468.26
17,4,1614.91
161,3,928.1
243,2,620.27
219,1,134.7
45,18,4467.32
21,6,918.44
421,4,1088.91
127,20,3333.7000000000003
39,1,108.97999999999999
121,5,2315.75
737,1,82.6
260,1,409.57
10,1,133.5
274,3,972.03
165,1,51.0
157,4,1078.96
215,3,376.5
6,2,163.62
366,3,1014.45
80,2,701.23
43,1,225.77
389,2,400.06
19,3,912.18
32,4,2128.23
579,1,214.70999999999998
22,1,161.2
402,2,227.47000000000003
109,8,3717.35
395,2,634.68
525,1,136.0
8,16,9261.52
320,1,155.0
642,2,469.13
451,6,1175.78
295,1,100.5
443,2,860.08
358,1,76.55
541,1,108.0
185,3,1132.99
683,1,215.46
191,2,617.05
622,1,131.25
44,4,1268.91
682,1,48.96
52,2,631.34
26,2,1246.8
38,3,1247.69
501,1,58.5
9,3,202.11
297,1,142.4
33,3,1770.56
10,16,6701.0
65,5,1898.01
10,13,6399.83
577,1,135.6
432,1,266.4
218,1,67.95
565,1,93.8
2,20,8208.01
65,7,2121.93
3,19,2612.96
401,2,707.79
394,8,2113.16
149,3,1732.47
4,22,6795.9
652,1,285.6
130,6,1880.51
34,13,2899.11
387,1,195.0
119,1,156.75
107,6,2157.73
11,11,4109.77
71,9,3756.09
92,11,2651.14
311,1,1063.0
43,3,1426.19
362,4,770.37
92,8,2399.33
1,23,12091.6
22,2,490.22
388,1,604.2
4,3,1937.25
11,7,1260.91
99,4,1639.17
57,6,2469.37
1,19,10271.52
218,3,916.6099999999999
18,1,322.08
435,3,661.39
24,17,11727.94
50,4,1263.52
7,5,1244.83
404,1,516.28
512,3,1220.9
303,4,2614.2
10,6,2255.51
466,1,289.6
22,6,1372.8
502,1,90.42
99,2,271.70000000000005
366,5,958.84
306,1,131.9
320,5,9443.04
8,13,6638.7300000000005
1,11,4611.6900000000005
205,7,5367.0199999999995
54,5,2386.47
456,1,132.04
456,1,221.65
1,5,1241.31
19,6,1711.73
9,2,375.35
19,8,2482.8
181,7,1128.44
60,12,3308.77
11,4,665.59
190,1,119.93
376,5,977.3
432,4,628.21
5,9,3062.4
311,1,113.64
381,1,237.42
155,2,5375.741
110,9,1093.5
148,13,6713.5
66,12,2270.01
98,4,786.5699999999999
568,2,111.0
247,11,3946.03
29,13,4646.9
18,12,2220.9900000000002
734,1,204.24
416,4,2112.21
12,3,712.04
591,2,400.95
104,9,2228.22
74,2,234.34000000000003
46,2,1278.08
72,4,1151.15
257,1,215.7
20,7,1969.6
382,4,1276.66
254,4,1299.11
11,4,1299.52
165,5,2311.4900000000002
18,12,4357.91
282,2,257.1
50,4,1070.98
39,1,165.75
512,2,175.5
27,7,1453.61
68,1,1064.28
207,4,1574.93
406,2,1273.47
175,2,468.13
430,7,1921.91
7,10,5130.15
26,3,401.46
51,3,174.8
312,7,2668.23
309,2,697.0600000000001
43,10,3911.27
26,7,2138.9700000000003
88,3,356.85
184,2,251.21
20,11,2470.67
3,6,3543.26
47,4,673.26
17,19,12001.84
17,7,3290.67
24,11,3284.43
22,5,874.94
534,1,110.95
376,3,1007.28
11,5,1314.81
188,7,1223.47
101,6,788.01
61,9,4598.9800000000005
18,12,3749.2599999999998
516,1,163.92
33,2,330.45
64,1,174.37
684,2,206.09
2,2,270.6
491,1,199.45000000000002
24,8,1758.6200000000001
108,1,241.09
32,13,2933.71
20,17,8240.64
389,1,262.4
3,122,27792.3
37,1,364.21999999999997
60,3,620.04
26,16,6197.4
480,1,376.34
236,11,3859.1800000000003
25,11,3466.37
3,26,6271.11
60,9,6030.7300000000005
260,1,171.8
58,2,641.4
65,5,1370.8400000000001
16,2,537.48
10,11,3795.34
59,14,2499.68
186,1,103.25
29,39,14906.77
24,3,2982.43
674,1,349.25
5,11,5197.9
4,8,4007.54
151,9,2627.49
311,4,916.5500000000001
11,4,1353.31
18,7,880.04
152,3,511.28000000000003
19,9,1841.54
10,4,2381.04
57,6,2315.63
596,3,835.34
85,1,788.38
654,3,655.5
390,1,75.6
7,44,6114.03
76,3,1080.76
4,26,6729.400000000001
510,2,679.44
435,2,2605.62
96,5,3859.2200000000003
111,4,4092.0
57,2,1530.3600000000001
435,1,919.7
1,4,598.98
281,3,613.75
425,1,161.65
3,11,5615.18
180,13,2621.42
733,1,143.70000000000002
488,1,460.71
372,1,70.80000000000001
13,7,1374.25
3,1,168.63
432,1,105.56
518,1,14.850000000000001
17,2,433.8
41,1,114.11
6,8,1781.03
169,8,1747.91
50,5,1143.27
277,1,237.36
19,9,1601.14
578,1,135.39
372,1,79.5
425,20,3006.62
15,4,1447.14
35,3,570.46
22,12,3712.0099999999998
7,2,634.83
20,8,2164.45
627,1,229.47
11,6,2201.54
44,2,384.04
390,2,474.54
306,2,865.1700000000001
11,1,213.96
656,1,205.35999999999999
275,1,660.0
633,1,143.85999999999999
374,4,937.16
1,192,30861.06
16,22,24137.63
4,11,3352.94
72,10,1486.2
396,2,24.35
444,2,604.3299999999999
415,1,877.7
680,1,76.32000000000001
386,1,295.13
394,5,951.76
243,5,527.78
403,2,190.47000000000003
9,7,1342.32
246,2,1291.24
206,2,412.78000000000003
1,9,3000.57
185,1,320.58000000000004
32,10,2059.58
57,6,814.07
196,11,4497.88
24,11,5410.92
379,1,462.75
91,5,1998.0
4,2,959.01
484,1,338.65
51,6,2025.69
263,1,114.56
266,1,344.90000000000003
438,4,2124.46
454,1,215.22
36,2,609.85
677,1,106.67999999999999
51,1,443.6
52,9,4978.96
24,10,3667.06
22,1,110.46
59,1,96.12
170,5,1679.89
68,7,2247.72
157,3,876.89
2,152,528602.52
201,2,519.97
416,15,4546.86
5,9,3775.31
589,1,62.5
67,9,2034.1200000000001
77,1,114.18
1,12,3614.54
738,1,246.86
8,7,3878.51
169,5,814.65
18,6,1460.8700000000001
5,2,247.15
9,9,2529.93
87,2,285.74
27,1,107.95
29,7,1416.33
430,2,490.6
20,2,637.89
61,7,2749.65
24,1,195.25
11,54,21927.14
445,1,111.63
242,7,3243.93
280,3,602.0
549,2,1127.45
235,4,1113.14
3,7,3410.81
509,1,173.66
16,2,1066.9
31,12,8356.79
593,1,184.91
579,1,403.39
382,3,1289.44
25,58,57412.77
71,6,875.1500000000001
188,6,1514.81
588,1,146.56
26,6,1468.55
576,8,4619.79
414,5,885.83
107,3,1402.06
8,28,7713.57
209,1,112.8
44,4,794.33
31,5,2114.33
137,12,1745.09
265,7,1165.36
617,1,244.31
519,3,1620.07
4,8,2767.9
218,2,188.60999999999999
2,5,1250.76
214,4,702.6
32,5,3116.26
11,15,4562.09
1,29,6754.22
15,1,318.17
11,11,1813.57
199,1,179.0
619,1,390.69
436,2,139.2
3,5,2212.2799999999997
15,25,8886.33
14,13,1922.59
10,11,2868.8
29,4,1328.0700000000002
9,21,5418.87
24,4,906.24
25,8,1840.45
43,3,565.45
733,1,81.3
410,1,226.42
2,5,1602.13
6,3,663.81
379,1,115.77
147,3,513.37
10,11,2093.06
590,1,345.25
25,4,1315.24
655,1,124.75
274,3,467.92999999999995
413,1,190.58
374,3,907.38
1,8,2005.06
47,3,380.02
8,19,5517.07
16,15,16184.97
426,4,1056.42
4,56,12240.16
485,2,401.08
4,4,3554.17
43,9,1821.9
4,25,12287.5
197,11,4161.06
12,7,1897.59
435,1,579.85
593,1,50.48
16,14,3885.08
113,12,2571.81
406,4,593.5
249,1,328.2
29,10,3152.32
480,1,310.15
736,1,112.03
684,2,126.45
44,1,389.64
87,2,869.51
45,6,1550.48
10,25,9972.550000000001
15,3,2653.76
75,1,420.5
145,7,2864.97
5,3,1625.97
297,1,89.2
59,3,447.92
264,2,417.57
47,1,278.3
29,3,254.11
8,11,6556.13
474,1,382.81
17,2,192.60000000000002
3,17,15771.88
232,8,3637.64
621,2,594.62
112,1,139.26
593,1,140.55
529,1,241.45
58,3,1418.46
51,15,3708.3
404,1,307.56
127,2,730.86
281,3,386.15
55,2,447.68
320,1,200.10000000000002
659,1,307.3
26,3,449.93
10,2,77.4
550,1,90.96
471,1,110.65
7,3,1156.32
29,1,197.64
17,10,2526.62
607,1,303.63
64,1,6.2
21,2,625.9
3,10,1953.9
166,1,131.45000000000002
1,27,10889.64
507,1,300.31
53,8,724.31
51,2,338.15
48,17,7774.32
61,1,193.14
438,2,1502.98
162,3,845.55
9,1,353.27
15,7,1104.64
75,2,303.43
391,2,519.29
40,8,2741.17
621,2,686.76
41,13,2537.02
387,1,170.5
599,1,185.8
370,4,1090.87
581,1,160.46
37,2,778.5
197,1,271.85
200,7,3959.86
74,6,1170.41
64,4,470.16
21,9,1274.76
367,7,1286.45
485,1,157.70000000000002
180,3,321.43
10,10,4022.9100000000003
4,24,4925.08
582,2,385.2
197,13,9839.460000000001
29,7,1692.84
53,1,197.13
680,3,1676.57
630,1,322.69
499,1,94.8
18,7,2206.16
529,2,297.0
10,3,102.44999999999999
90,9,3460.32
423,2,773.6700000000001
418,3,915.28
268,2,362.71
53,14,7163.0
44,4,2824.69
437,1,211.79999999999998
64,10,6702.43
600,1,150.0
427,1,437.4
149,3,1348.95
405,1,310.56
22,43,15763.45
312,7,1794.01
23,3,829.4100000000001
58,18,6147.18
24,5,1376.87
78,11,4322.86
119,7,6520.3
36,3,1311.3799999999999
60,7,3651.851
506,1,180.75
13,5,1705.64
19,1,170.32
52,10,1380.73
26,2,841.1999999999999
29,1,266.76
7,4,129.72
11,19,20850.22
186,16,2952.06
3,12,4184.01
9,6,2804.24
262,6,1838.95
3,9,1258.97
484,3,816.6
210,2,854.13
535,1,116.18
108,3,2862.4
521,2,256.7
418,2,437.0
13,25,4105.24
685,1,185.06
77,3,706.19
20,1,255.4
27,14,3628.15
19,6,761.59
669,1,120.6
132,3,1598.12
253,1,364.8
79,1,1862.0
207,1,369.2
336,1,135.9
254,3,817.25
148,4,1106.73
691,1,202.35000000000002
10,3,1809.6100000000001
85,3,1492.81
8,38,25119.54
205,8,2092.42
8,8,3140.54
23,14,3507.81
395,1,1384.88
522,1,13.919999999999998
11,12,2289.65
26,3,1035.6200000000001
21,5,2810.63
2,4,1640.64
158,8,1971.39
445,1,68.44
3,16,6165.79
74,2,381.9
437,3,1404.68
3,4,434.35
1,398,295972.63
17,6,1889.25
36,8,4073.13
91,11,1811.25
71,8,3042.95
597,2,1123.75
116,9,5955.81
539,1,359.35
213,3,1607.17
30,2,1316.07
394,2,843.74
51,1,749.1
246,3,931.01
382,2,359.4
397,1,308.2
628,1,223.91000000000003
32,2,836.69
109,6,5246.63
5,5,1257.68
366,2,1029.66
444,4,1770.0
82,5,3503.5
297,2,2849.83
34,12,12410.81
57,3,1621.88
562,2,2322.43
418,2,531.49
579,1,182.1
402,4,746.56
663,1,107.62
30,19,9784.67
414,1,179.4
14,1,100.9
72,6,1049.79
23,6,1101.97
469,4,515.0
19,1,371.2
79,1,311.69
60,32,17629.35
25,4,1013.77
12,2,503.44
733,1,163.77
421,1,1325.0
253,2,333.29
147,6,957.9399999999999
64,4,695.42
8,2,221.27
11,22,16410.15
271,4,366.91
10,12,3164.48
247,1,206.21
96,2,599.0
15,6,1115.8400000000001
50,6,1982.6100000000001
30,2,504.99
704,1,906.23
68,12,4919.35
35,3,1116.57
128,2,145.07
107,3,1314.45
37,1,114.39
57,2,472.39
57,7,790.86
726,1,31.929999999999996
72,10,3142.14
735,1,439.46
737,1,150.68
246,2,372.92
572,1,237.78
689,1,183.20000000000002
19,6,1271.41
198,2,296.75
376,2,566.9
16,8,1713.85
212,7,2066.6
662,1,342.4
612,2,305.42
430,1,314.67
442,1,210.5
564,1,36.13
382,5,960.63
39,2,233.23000000000002
481,2,442.28999999999996
46,4,776.5999999999999
170,4,770.73
593,1,129.48000000000002
48,1,490.52
394,2,230.85999999999999
116,9,4817.28
473,6,1060.7
147,1,1246.32
16,56,14106.2
51,2,825.14
159,1,156.91
480,2,360.0
12,3,1261.78
36,1,308.94
396,2,416.6
54,3,860.62
488,10,1641.3
43,2,260.17
501,13,2365.02
173,5,630.3
34,1,125.58
39,3,607.46
267,1,266.0
379,1,203.42
9,12,2783.83
12,5,1186.09
3,20,12170.68
10,16,4075.51
33,2,1013.09
80,5,1061.61
31,10,3195.6
8,6,1157.71
620,1,365.1
72,8,1979.91
4,14,3156.58
256,8,13780.65
5,10,2586.67
16,14,8313.4
90,1,252.73000000000002
72,3,465.55
376,2,402.51
59,9,1309.86
10,93,40031.43
542,1,7.49
170,2,294.02
199,2,315.45
31,6,2873.7999999999997
19,35,16204.33
152,2,735.66
9,25,7812.389999999999
270,1,343.62
65,4,482.75
274,1,121.17000000000002
25,5,4193.79
23,9,3935.16
319,1,215.78
5,3,697.79
12,2,302.1
475,3,560.07
520,1,133.45
275,5,3255.96
25,16,3410.03
41,19,3523.57
8,4,303.09
4,127,137818.52
71,8,2585.62
213,1,370.79999999999995
410,4,1254.41
38,5,3326.86
53,1,893.59
78,5,3877.88
46,4,1176.85
179,1,1109.53
373,3,843.25
94,4,1455.56
479,1,187.51999999999998
10,8,2788.02
105,3,1566.33
78,1,773.03
173,3,1447.74
495,2,2428.08
7,53,17761.88
213,11,3767.35
428,2,546.25
22,12,1965.72
669,1,93.35000000000001
257,1,88.2
380,2,965.2
730,1,347.54
565,2,218.53
282,1,306.94
21,2,1160.07
10,6,2420.84
308,1,381.32
68,3,1046.6100000000001
215,3,776.46
18,23,14326.11
463,2,83.0
104,10,3141.64
43,1,219.39000000000001
4,3,908.35
182,3,39916.5
84,1,410.48
334,7,2894.7
9,6,1477.94
531,2,554.67
31,2,703.36
197,2,1027.44
18,9,3094.91
18,5,1422.52
311,9,940.35
142,4,1300.25
246,3,983.1
24,6,1505.8500000000001
29,5,2730.87
611,1,209.4
10,3,3609.33
30,12,3400.12
18,2,531.85
18,4,1352.75
15,8,2485.9700000000003
134,1,244.8
246,1,266.4
134,1,358.82
50,2,457.72
114,11,4497.47
7,5,4656.17
23,4,450.82
25,24,17024.87
537,2,449.49
66,2,711.5
60,5,1783.68
50,23,6860.18
170,1,330.11
395,1,80.28
18,5,977.9300000000001
128,5,1806.9
15,10,1596.29
239,2,305.68
3,4,1286.7
521,2,823.4
394,1,502.52
240,2,178.96
52,8,3243.69
458,7,1388.47
46,6,2619.92
226,2,563.63
8,29,12160.31
4,4,1194.73
165,2,1327.16
240,1,623.5
11,1,301.29
134,5,1554.6100000000001
17,13,9001.08
423,2,2085.61
10,14,5263.83
31,1,329.25
75,3,1388.41
383,1,383.96999999999997
1,3,961.49
4,5,2654.11
45,2,606.02
2,34,22116.73
357,4,589.27
388,1,119.92
731,1,312.9
18,2,304.47
69,9,2068.92
373,1,975.5
468,1,167.16
321,5,1659.67
26,1,106.56
382,2,569.22
407,1,81.15
331,1,1289.5
9,5,1624.05
381,7,1494.6
323,2,481.46
72,1,224.14
668,1,988.04
426,1,948.93
260,1,40.5
18,13,7491.92
367,3,904.4300000000001
66,5,1200.2
154,11,2998.952
548,3,639.93
29,4,689.95
70,1,310.62
14,5,1403.2
2,16,4777.18
725,1,310.43
1,46,17524.38
434,1,834.4399999999999
463,3,588.05
120,5,1981.39
61,1,499.32
3,28,12427.69
3,1,3861.0
433,2,316.25
11,6,1877.51
92,5,571.35
59,10,3122.4
495,1,549.05
87,7,1842.95
420,3,6001.49
26,15,4400.18
357,1,316.58
85,2,653.24
10,4,420.29999999999995
416,3,683.9200000000001
1,6,970.52
730,1,178.98000000000002
225,3,1176.19
60,2,1277.48
241,2,208.28
319,2,328.35
2,8,1661.44
47,7,2422.43
88,2,486.09
563,1,426.24
11,22,11516.57
176,2,685.45
52,6,1778.96
366,4,2465.4500000000003
319,11,3550.91
226,5,1417.95
358,5,871.36
234,1,409.40000000000003
311,1,154.41
37,9,2488.4900000000002
66,6,5580.2699999999995
586,1,160.5
239,2,429.6
621,1,250.26
113,2,612.06
401,1,59.400000000000006
277,1,197.0
218,16,2937.81
299,1,321.05
2,4,1412.32
29,3,1071.99
10,2,780.59
45,12,4459.98
67,11,3050.16
422,1,302.04
74,2,927.2800000000001
65,3,912.08
134,8,4610.84
238,3,780.4
122,3,976.06
411,3,1893.93
32,18,9266.0
641,1,60.0
9,21,20324.54
36,5,2103.41
16,8,2055.09
127,3,1088.35
67,9,3729.42
149,2,170.4
283,2,685.9
169,2,623.16
513,4,1182.3799999999999
100,25,9188.23
135,4,1508.0
324,3,418.82
107,1,156.51
64,2,848.4
151,4,3345.64
338,5,852.21
22,5,1717.36
479,3,961.9000000000001
24,3,1225.3600000000001
16,21,8524.86
7,24,4709.54
57,6,2085.48
600,1,228.96
4,2,716.57
38,1,615.14
66,4,649.53
47,2,476.34
562,4,496.15999999999997
355,5,1580.54
172,3,406.21999999999997
59,16,8543.57
570,1,348.59
390,3,148.33
500,1,24.75
408,1,94.92
50,1,240.55
22,5,856.03
43,10,3883.13
29,5,1593.09
5,26,10496.28
26,40,13846.56
201,1,180.94
666,1,247.5
411,1,233.35
654,1,217.23999999999998
51,12,10342.83
10,3,641.94
2,23,9459.37
67,10,7991.54
64,1,496.44
51,17,7603.4400000000005
730,1,308.0
290,3,1224.18
61,9,919.5500000000001
555,1,93.6
64,9,3484.73
96,1,205.3
274,1,310.47
611,4,797.96
479,1,1634.64
1,208,116771.16
75,12,2930.19
110,1,52.0
199,3,820.4499999999999
64,2,570.5
327,1,165.0
677,1,129.75
4,1,312.62
284,1,204.5
44,1,267.13
71,12,6709.7300000000005
86,2,1390.86
563,3,434.6
701,1,140.22000000000003
104,8,1602.01
334,5,1700.52
53,1,208.75
408,1,107.24
39,11,2984.33
32,2,714.96
500,3,767.91
366,6,6553.74
208,1,1028.56
157,3,351.67
54,1,173.97
402,1,240.5
411,1,373.02
677,1,283.43
66,7,1827.84
562,1,105.5
81,2,2402.7200000000003
130,1,406.09
87,1,364.5
1,3,563.94
46,1,393.54
333,3,596.12
366,4,1363.6
72,1,158.04
158,2,473.81
373,2,663.25
12,10,3738.29
549,1,114.95
255,7,3175.95
603,3,284.4
29,2,277.05
31,13,3464.95
5,42,17050.41
663,8,181.35
40,1,427.93
362,4,689.07
449,2,613.08
373,2,1004.11
96,2,913.19
26,13,4557.13
75,7,2389.08
57,11,5081.33
21,2,722.74
492,11,6251.26
41,8,3739.01
662,1,59.400000000000006
137,8,6017.06
8,17,3421.39
129,2,307.32
690,1,60.959999999999994
40,3,1233.3600000000001
383,4,1211.75
463,2,246.5
169,8,4877.84
9,11,3479.0600000000004
214,5,1890.5700000000002
15,12,13733.550000000001
170,4,2027.79
40,3,942.08
186,1,394.14
492,1,468.65
270,1,140.54
172,5,2733.8
396,2,1216.66
584,1,289.87
5,7,2911.62
16,5,891.34
10,11,5286.8
326,1,107.45
113,2,796.38
290,1,94.0
16,2,1345.53
1,3,815.77
92,8,1302.3
452,2,216.95000000000002
149,6,1830.54
492,2,170.88
376,1,257.06
189,2,659.84
31,4,975.87
34,4,1056.44
264,1,267.18
721,1,131.25
84,10,4685.72
26,4,1358.88
171,1,190.53
692,5,6798.72
10,3,774.9000000000001
313,1,572.8100000000001
65,7,4572.82
85,1,508.8
425,2,452.32
25,1,135.86
434,6,743.0
59,10,3805.34
323,7,1619.97
38,3,266.89
254,3,597.78
400,4,1944.57
19,9,2615.39
33,3,1483.14
15,4,762.75
27,2,397.35
468,2,954.75
503,1,153.24
23,2,320.76
214,2,533.3
8,11,2567.06
22,1,149.29
12,3,1122.53
262,2,393.45
131,1,156.57999999999998
405,4,1269.05
55,3,383.68
396,3,1254.21
249,1,594.0
2,14,5175.93
9,2,1418.26
264,2,284.5
377,3,406.95
331,5,492.88
313,2,788.81
26,3,974.52
30,1,429.84
434,2,233.21
30,6,1799.1100000000001
2,7,1388.37
362,2,307.69
598,1,38.25
283,10,2119.27
262,1,237.07
25,2,370.43999999999994
417,2,202.82999999999998
354,1,216.76
461,2,429.7
94,4,737.05
29,1,126.14
338,1,1048.85
20,32,12655.65
85,4,1571.01
9,3,524.88
51,3,1430.48
50,3,874.25
576,1,63.419999999999995
2,3,1316.56
113,1,371.56
14,8,2046.0
596,1,163.1
77,1,454.10999999999996
380,4,2209.98
650,1,368.4
40,3,2024.98
733,1,147.4
116,5,6279.0
401,1,1993.34
16,19,14592.56
161,10,862.2
1,6,4656.0
30,7,5771.51
527,1,102.0
680,1,231.32
93,5,431.92
23,8,2419.61
430,1,217.6
95,6,3100.09
28,2,659.4599999999999
33,9,4314.9800000000005
21,5,3780.05
379,1,246.5
631,1,146.14000000000001
18,9,8657.39
3,44,26039.58
724,1,161.6
8,4,1131.56
405,2,402.5
16,14,13993.47
363,2,267.15
81,4,423.85
53,5,3610.96
23,6,2040.03
172,1,492.36
189,6,1000.27
380,1,166.51
331,1,250.0
12,5,909.23
156,4,331.58
33,35,27750.55
12,18,6598.55
387,1,171.81
45,3,62.43
233,1,267.03
64,15,4218.94
383,2,344.61
2,1,343.5
40,16,7106.69
33,2,398.84
84,16,17359.99
25,2,591.4
2,4,1295.7
33,2,148.44
19,23,5575.64
254,1,229.33
23,12,5111.95
22,5,1813.72
8,2,2007.44
25,10,3771.9
19,3,807.57
726,1,162.25
173,6,1087.82
409,1,259.09
163,1,110.92
538,6,3358.3999999999996
7,1,538.46
11,2,460.68
114,1,85.13000000000001
512,3,918.45
288,2,242.84
9,20,8162.43
54,2,428.05
607,2,1079.1000000000001
7,26,10154.39
596,1,158.09
77,8,2345.96
4,12,2218.8
37,7,1710.08
217,2,252.52
60,1,437.23
278,1,217.2
12,36,12112.35
24,1,279.77
29,1,473.65000000000003
639,1,214.13
568,1,1109.4
398,2,153.52
12,8,1934.3899999999999
352,3,673.3800000000001
22,7,2867.0
463,2,70.74000000000001
50,2,173.16
393,2,227.87
19,1,186.01
3,3,758.29
104,10,3586.35
7,25,9311.04
12,14,4051.63
5,10,4068.67
32,5,1207.18
178,6,1518.7
620,1,30.1
38,1,940.6700000000001
151,5,397.98
162,1,127.1
69,5,1302.5
377,8,1381.19
121,38,7794.59
25,3,682.9100000000001
376,1,107.86
24,6,1277.5
177,1,455.3
593,3,1139.1
50,7,1522.0800000000002
678,1,579.6
256,3,478.53000000000003
382,5,1496.6
583,3,217.9
47,1,388.58
71,1,199.8
16,5,1771.78
488,1,357.6
101,9,3130.04
35,2,563.37
53,2,548.02
27,3,1250.06
428,4,1199.31
11,30,14960.12
8,16,3230.51
79,2,88.48
52,1,216.39
36,9,1936.8
61,17,5230.99
337,9,1708.97
28,5,1785.98
184,1,298.48
52,1,112.46000000000001
10,26,2997.28
36,2,195.15
610,1,433.71999999999997
438,4,3147.36
10,47,21373.97
438,1,317.11
396,3,828.5500000000001
33,4,776.851
11,1,336.40000000000003
57,4,1942.36
4,4,1293.03
43,17,7852.61
141,8,2437.05
117,4,588.13
104,9,3236.4
75,3,1067.52
457,2,566.9
5,17,5652.26
450,4,2240.9
45,3,1481.4
642,1,596.67
16,8,3285.31
509,13,4352.46
17,2,554.65
396,1,100.35
90,4,1444.58
53,5,797.59
379,6,2265.2
134,3,1065.08
4,29,23957.58
105,12,5345.55
730,1,105.78000000000002
192,3,664.0
166,4,813.0
19,3,1055.17
158,5,974.61
415,1,169.0
204,2,657.35
336,4,2170.35
522,2,553.88
37,5,1259.06
91,5,1420.34
93,2,877.4399999999999
9,2,922.53
243,1,560.67
45,4,748.5
23,1,30.0
190,8,2423.4700000000003
44,3,532.49
25,15,2812.99
317,8,1215.95
661,2,283.73
106,1,138.14
51,4,1254.03
168,5,4015.12
472,2,632.9399999999999
40,1,301.32
218,1,76.32000000000001
40,4,684.34
297,2,325.2
19,7,2657.13
725,1,45.300000000000004
88,9,6414.79
73,13,6948.2300000000005
81,4,542.04
19,3,3435.76
49,3,1305.63
53,3,1893.89
24,4,781.28
9,10,4507.58
25,14,2989.7
599,2,318.24
117,2,524.54
547,3,173.95
450,1,55.980000000000004
420,1,90.0
9,9,2993.1
419,1,190.57
120,3,521.03
4,2,239.76
252,4,571.3
28,1,191.04
659,1,37.5
1,24,10810.81
267,4,1131.04
33,13,3906.57
690,1,246.75
624,1,46.2
18,1,309.65
172,2,696.68
2,4,1542.14
476,2,140.39000000000001
265,1,211.5
140,6,3817.96
201,1,143.1
64,4,1060.56
35,4,945.58
41,9,4378.72
284,2,327.85
417,1,898.87
557,2,420.25
9,12,3472.4100000000003
143,4,1010.79
12,5,784.8100000000001
556,5,658.02
146,11,3056.81
234,5,607.0
540,1,293.79
33,31,10223.06
24,2,741.92
12,1,507.08
36,11,5258.1
365,4,947.65
201,3,310.85
15,1,415.25
390,1,321.91
17,15,9445.51
380,2,544.6
213,3,192.55
66,5,1726.58
554,1,125.3
212,10,1682.07
283,1,162.3
115,4,2263.3
421,1,327.68
435,2,1815.72
15,8,1205.1200000000001
19,41,13372.970000000001
66,1,449.12
49,1,154.88
458,2,208.62
619,1,156.87
16,4,784.46
78,1,34.8
19,4,1094.59
134,1,196.88
13,9,2562.61
40,3,614.7600000000001
235,3,44534.3
3,18,6797.191
461,11,1380.44
40,9,4207.54
305,1,79.2
51,9,3037.61
10,17,5993.12
61,4,532.96
66,6,2940.36
25,1,205.25
218,7,830.9300000000001
631,2,13916.34
443,1,143.05
65,2,583.75
32,2,1086.92
88,8,4503.08
667,1,370.63
64,3,831.06
116,34,15601.09
7,46,88704.32
613,1,321.45
604,3,1006.54
418,1,280.88
6,2,774.52
69,6,1329.94
245,2,150.5
133,1,241.62
241,7,1762.61
431,1,307.95
463,2,124.08000000000001
184,3,475.28000000000003
25,3,345.46
10,4,4014.1
11,1,246.3
468,2,848.3299999999999
33,16,5969.93
46,5,8514.82
26,3,948.05
509,1,221.82999999999998
358,6,1962.01
10,1,220.85
44,5,3608.34
400,2,933.84
15,8,2399.57
736,2,777.0
150,8,1979.8700000000001
1,17,5175.83
113,6,2821.08
493,3,1535.37
76,4,1424.29
107,7,1242.58
46,3,1063.95
143,1,451.42
51,4,1929.66
1,13,4206.39
23,30,10189.23
46,3,784.58
50,5,1817.52
306,21,18409.93
36,7,1274.44
79,8,2999.04
22,7,3890.52
107,12,5201.47
208,2,1303.9099999999999
17,6,2634.44
64,5,2100.6
542,2,144.14999999999998
421,3,2766.4
588,1,340.5
49,10,3934.79
320,1,206.98
44,2,570.96
3,6,1840.06
372,3,3897.17
453,2,890.94
172,1,532.94
56,4,2598.28
73,28,3794.07
375,1,1108.82
99,2,636.14
38,1,576.0
58,3,801.76
254,1,836.79
738,1,80.4
70,7,3772.9900000000002
44,4,954.09
50,1,137.37
65,2,777.01
11,34,74163.0
33,3,1048.49
59,2,355.56
73,9,2742.41
393,2,548.8
304,1,118.95000000000002
46,1,130.73999999999998
18,11,4426.28
385,1,107.01
38,5,822.57
622,1,139.94
19,6,1058.72
527,1,109.73
187,3,257.26
52,1,110.8
4,21,5583.81
137,6,1052.72
4,52,34220.340000000004
19,2,570.48
16,13,3960.37
432,1,438.46
41,17,2505.21
12,12,4401.79
8,13,2928.29
26,5,358.7
22,7,2180.76
41,5,2248.92
101,1,230.53
5,31,9063.95
583,1,94.53
277,3,323.65999999999997
33,4,862.61
437,1,33.099999999999994
15,4,795.68
500,4,313.91999999999996
64,21,11284.76
646,1,111.72
409,2,1449.1399999999999
2,2,493.28
562,2,330.77
404,4,1157.3
369,1,686.5600000000001
312,5,501.39000000000004
199,8,1495.98
2,2,396.48
432,2,249.70000000000002
93,15,1951.82
60,4,1052.8700000000001
407,3,1027.15
81,3,429.16
157,8,1806.28
395,5,535.65
227,1,524.52
669,1,128.2
482,1,305.28000000000003
253,2,420.29
150,1,179.17
194,2,222.05
1,25,5596.31
369,1,112.5
24,4,900.4
17,7,703.22
380,1,145.01
10,12,8939.84
8,1,164.68
543,1,114.69
20,10,2555.64
4,3,967.45
491,2,764.57
174,1,191.94
1,15,2681.8
624,8,1702.34
178,9,1074.7
534,1,6.300000000000001
378,2,205.99
402,1,429.21
16,13,3427.17
248,5,560.63
191,3,582.88
20,2,910.61
154,9,571.64
173,4,802.11
373,1,739.0
373,1,254.16
731,1,102.82
194,1,207.15
542,1,134.44
647,1,123.39
656,1,293.53
644,1,594.0
67,1,426.63
428,1,239.9
4,8,2495.87
21,3,1107.46
418,2,2190.66
239,2,416.86
379,2,282.79
64,1,145.35
112,9,734.81
90,16,9060.39
311,1,35.8
637,1,405.0
134,1,337.44
650,2,271.28999999999996
277,4,2164.24
365,4,827.27
503,3,2304.18
83,1,1708.24
8,3,1509.0900000000001
17,2,364.72
32,10,7180.71
9,3,1013.17
34,4,806.57
15,18,3669.5499999999997
589,1,190.75
24,22,8658.36
551,2,617.6
32,3,930.1
74,4,492.99
682,3,579.49
374,4,410.95
379,1,451.28999999999996
449,1,295.83
20,2,470.76
663,1,272.96000000000004
17,13,3013.09
451,1,426.53000000000003
23,12,3041.6
388,1,418.05
3,5,1127.05
304,2,1017.32
18,18,5902.83
456,5,1810.27
367,3,988.44
39,7,3442.15
84,1,371.01
165,6,1746.6399999999999
17,2,1054.73
77,3,3279.42
603,1,329.22
89,7,6593.68
25,21,9362.77
605,1,324.51
22,8,3958.8199999999997
3,30,8759.32
123,7,2715.28
30,2,354.42
12,8,1682.13
19,3,770.09
376,2,372.51
44,7,2010.05
534,1,150.55
4,3,896.6
9,7,2797.57
55,3,1202.18
414,1,696.19
88,7,1686.9
37,16,8308.34
736,1,20.4
3,3,12393.7
381,1,583.39
625,1,169.21
30,10,5613.83
475,5,2146.39
12,10,2436.22
211,2,347.17
48,7,3075.14
24,15,5384.13
22,4,992.71
246,11,1724.06
8,29,5880.46
35,5,2989.79
4,84,57446.44
38,5,1130.27
4,3,705.39
3,11,2533.94
47,5,1553.83
39,4,698.13
47,27,17465.85
17,3,851.01
395,2,532.25
260,1,628.28
46,3,719.81
12,3,484.2
30,1,439.65999999999997
43,1,236.09
92,15,2048.36
596,1,82.2
39,107,122209.14
310,1,331.24
92,2,548.94
456,6,1970.45
6,27,10836.13
196,6,928.72
560,1,217.73
87,4,2556.84
270,5,1509.34
8,3,471.78000000000003
424,2,456.4
65,7,2416.9
31,3,3166.4
22,8,2265.12
38,8,1856.5900000000001
435,1,340.84000000000003
120,8,3434.9300000000003
562,1,235.78
682,1,107.14
373,4,1075.23
40,6,1899.68
174,3,300.7
682,1,188.44
54,1,362.06
33,6,3634.84
145,4,2111.88
221,1,134.8
45,1,664.85
16,10,3854.85
406,1,62.7
66,12,3217.77
401,3,541.95
431,1,89.65
10,8,2863.45
260,1,335.32
725,1,111.0
365,8,2382.62
17,5,1521.87
563,3,3395.29
594,1,122.93
418,1,457.7
22,2,852.15
45,4,1076.8
288,4,4328.89
297,1,122.39999999999999
390,1,265.25
503,2,736.9300000000001
3,10,2234.73
626,1,2300.4
284,2,362.99
17,3,1352.0
82,4,602.5600000000001
56,8,4460.18
670,1,106.75
101,4,2351.42
299,1,436.18
23,12,2343.53
59,10,2864.9900000000002
389,5,1739.92
576,2,1437.43
386,2,271.44
624,1,205.91
155,2,315.06
115,6,1587.94
107,1,17.0
12,11,3695.56
456,1,447.05
264,4,1584.97
240,1,185.04999999999998
88,14,4448.1
50,7,1573.2
463,1,582.64
71,4,3229.16
42,3,1842.14
7,22,6191.71
62,9,2778.61
249,5,2386.19
66,1,108.38
18,7,3204.1600000000003
85,4,2235.92
219,3,939.48
45,4,1819.27
428,1,562.48
143,4,195.73999999999998
183,1,161.38
171,1,135.75000000000003
10,12,2575.14
212,1,612.78
190,3,654.4
653,1,4376.25
8,8,1720.81
59,6,3056.91
57,5,1477.09
73,6,1001.34
52,1,307.78
317,4,1772.49
367,14,4587.65
29,15,14646.800000000001
39,2,801.31
18,11,3801.05
407,3,1396.05
422,4,987.48
52,12,9957.42
544,2,664.1999999999999
4,56,22992.260000000002
22,5,2145.34
263,2,819.45
60,4,946.8
680,1,422.7
379,3,910.35
19,5,1111.15
66,3,1557.6000000000001
88,2,955.94
250,1,535.34
3,12,4910.83
247,1,175.2
9,19,6805.4400000000005
157,4,946.38
134,5,2398.91
296,2,386.62
5,3,422.22
43,10,4395.59
269,1,1829.04
50,11,5133.49
382,5,796.9
9,20,6218.18
16,3,656.69
522,9,628.32
282,4,1232.79
65,2,1025.44
2,43,12831.8
252,1,37.4
232,6,2849.58
17,3,822.48
505,1,79.9
428,2,435.83
414,5,1386.1200000000001
11,66,10636.47
8,4,1822.97
51,20,6869.0
59,1,73.2
95,8,1884.55
16,6,1418.32
126,7,2246.75
94,7,1836.44
421,4,2052.69
50,8,2247.31
138,2,612.6
61,1,215.83
100,13,16249.87
73,1,305.54
72,9,9971.65
67,4,1077.81
64,6,1158.79
17,3,644.72
23,26,9026.11
32,15,6911.4400000000005
45,5,1087.66
16,2,215.48
40,8,2723.55
3,24,15688.02
736,1,351.3
237,2,630.43
375,1,308.59999999999997
723,1,323.25
489,1,93.3
469,9,2016.71
75,2,1030.0410000000002
392,7,942.75
4,12,5643.45
3,5,2112.12
361,9,2501.9900000000002
59,6,1114.54
23,3,944.24
31,7,1830.61
55,13,2602.32
25,1,394.38
45,10,3440.45
89,9,4146.78
2,35,38489.51
89,3,1090.59
19,4,1293.71
79,1,159.0
171,4,2038.25
81,1,242.35
267,1,914.9300000000001
235,2,304.25
30,13,4439.97
501,1,40.8
37,9,2235.5099999999998
318,2,1345.22
375,2,1102.3500000000001
57,5,1616.54
45,15,2867.4100000000003
203,5,672.1700000000001
225,3,1027.22
385,3,890.8100000000001
87,6,2867.86
190,2,542.03
379,4,1078.22
44,7,2712.97
71,9,1965.71
476,3,333.18
41,9,2053.71
78,1,432.2
437,1,136.65
423,1,63.66
57,6,1492.2
24,2,3718.8
10,16,4329.31
8,14,7474.4
34,2,409.1
212,2,2579.38
24,3,1413.66
460,2,827.25
170,1,114.56
62,1,152.94
53,5,1800.07
261,3,791.38
512,1,128.31
383,1,295.09000000000003
67,7,7310.15
378,3,985.14
17,15,4906.8
267,3,1629.37
177,1,46.95
45,15,11942.52
410,3,361.94
51,1,1035.45
17,6,1059.45
378,1,755.15
423,1,351.01
438,2,837.53
9,12,6935.17
74,14,1757.95
591,1,186.66
71,2,667.65
438,1,717.57
353,1,1141.24
3,10,3463.02
117,1,411.7
648,2,336.03999999999996
373,1,715.9
197,3,2151.11
177,3,2629.3900000000003
734,1,188.69
100,3,1117.84
21,9,5705.08
725,1,238.05
72,3,3424.02
340,3,1307.58
6,8,4403.82
31,3,1029.77
646,1,176.9
477,2,328.95
170,5,1006.98
470,1,129.85
462,1,136.31
465,4,2069.3
682,1,117.72
122,5,1253.76
22,15,4657.95
477,1,126.05000000000001
10,4,1328.55
626,4,1313.67
269,1,301.9
23,7,1085.7
477,1,193.65
430,3,1392.43
737,1,107.33
127,1,233.22
26,7,7928.27
695,1,381.66
139,1,361.21999999999997
214,7,1192.82
429,3,1194.92
38,7,5120.0
106,2,706.57
414,2,460.08
18,2,616.26
432,1,171.15
3,2,274.15000000000003
390,3,1491.4
331,2,402.71
64,13,5744.91
120,5,2192.51
35,1,328.15
218,1,404.40000000000003
172,6,5628.99
72,7,604.5500000000001
1,2,326.75
196,2,353.66
128,3,428.68
47,12,3597.5
6,24,4826.99
14,16,10731.34
563,1,310.83
428,4,1703.07
18,7,634.33
432,6,2037.7
28,11,2010.41
8,22,26626.8
492,1,277.48
552,7,2774.0
421,4,3517.69
37,1,151.05
157,1,214.79999999999998
284,1,109.95
107,3,1526.06
25,7,3850.79
75,4,322.41
16,3,687.0699999999999
158,4,842.42
44,2,1198.74
385,1,224.51
11,11,3509.41
32,8,1798.22
291,1,53.5
21,9,2253.89
333,13,3330.0299999999997
18,2,494.44
4,38,9999.460000000001
63,5,1129.51
375,1,416.35
198,6,415.87
33,4,868.37
1,5,2919.65
7,16,2697.75
5,6,3512.53
10,4,896.66
32,6,946.94
53,1,109.36000000000001
12,2,707.04
18,15,3307.2
19,4,1548.1299999999999
37,3,1362.4
2,3,640.21
18,7,2664.81
82,4,1320.56
449,1,157.2
33,5,1328.61
382,2,309.49
66,5,1771.45
470,2,104.0
9,2,987.01
267,2,1308.48
247,3,362.95
4,4,2157.4
61,1,1780.59
396,2,258.7
408,2,353.1
75,7,2974.84
90,4,1358.95
60,5,1030.61
29,3,1102.59
323,5,918.55
654,1,186.05
53,4,1382.07
537,3,467.5
401,4,1103.61
270,3,763.05
2,23,5561.66
57,5,1555.34
61,14,3537.85
476,1,137.8
628,1,127.88
154,2,1705.8
19,3,641.82
95,9,3159.44
1,23,6849.15
265,2,511.4
312,1,177.5
70,1,443.05
302,2,167.25
19,3,552.68
13,14,2821.65
591,1,231.93
36,12,5709.04
734,1,130.32
19,4,910.1899999999999
54,5,647.23
57,2,528.98
22,5,559.71
44,3,719.44
27,9,2972.88
493,1,35.7
45,5,1101.94
113,8,1487.42
396,1,75.0
376,3,526.27
17,109,63651.47
25,1,346.12
191,2,443.06
302,1,302.7
2,10,1908.25
263,2,241.06
414,3,660.28
106,1,284.55
57,7,1117.94
213,3,642.81
64,1,287.4
28,2,384.52
29,12,2741.74
512,3,1011.5699999999999
668,3,329.34
381,2,301.25
6,5,798.35
722,1,310.70000000000005
8,6,3856.9700000000003
67,5,1034.43
2,5,899.47
521,1,162.24
46,17,3656.58
34,4,602.73
1,2,168472.5
136,3,775.14
198,2,367.87
198,2,707.69
150,3,1505.73
88,3,1013.15
631,2,332.17
531,2,251.71
45,4,30.950000000000003
64,11,4384.37
99,13,6862.91
218,1,208.36
3,30,5715.34
730,1,71.78999999999999
28,3,814.72
178,3,1615.22
74,3,136.0
21,4,1422.4
20,3,1314.68
421,2,746.24
34,15,3838.59
509,7,2869.16
74,3,787.52
24,5,828.91
52,11,2458.6
275,4,1189.98
434,2,789.6
165,4,470.83
7,7,1871.5
88,4,544.3
432,1,350.35
64,11,4320.02
25,3,331.0
10,2,300.83
76,1,769.29
682,1,453.38
16,1,220.62
192,1,139.35
174,2,404.3
77,5,2294.68
538,1,134.36
577,2,209.4
33,3,498.8
380,2,303.7
436,1,205.41000000000003
47,2,1533.16
541,1,385.56
80,7,2132.09
297,1,826.53
3,3,684.41
9,6,2330.77
50,23,6695.28
161,2,100.97
360,8,2578.34
5,9,843.9100000000001
383,1,1237.23
620,2,266.5
107,11,3614.34
25,1,484.38
32,1,777.6
20,2,90.30000000000001
572,1,152.76
630,1,248.8
297,1,363.7
372,6,2100.0
22,6,1819.02
5,4,874.59
52,10,3216.3
30,1,101.69999999999999
277,1,162.7
61,4,959.37
25,4,556.26
186,6,2482.62
415,3,1148.01
436,2,433.36
2,28,11916.33
446,2,308.14
2,48,24582.64
172,2,717.21
81,2,1272.44
4,1,244.41
190,4,2012.0
668,1,48.349999999999994
22,11,2298.33
18,5,8756.64
19,3,1095.56
642,1,635.9
5,3,1001.59
110,1,548.97
641,1,23.35
541,3,399.62
3,10,3732.01
414,1,226.70000000000002
735,1,424.03
54,2,257.32
592,1,292.21
520,4,376.70000000000005
165,2,689.82
291,5,5606.47
546,1,111.71
599,1,30.15
10,34,13182.19
109,18,9435.13
96,7,2237.12
243,2,475.02000000000004
163,33,16644.01
42,8,2841.72
35,6,1915.68
67,17,8012.58
24,2,281.85
1,38,13873.51
397,1,185.20000000000002
27,8,3048.38
6,2,511.12
477,1,223.85999999999999
54,6,4422.76
569,1,87.8
364,4,773.05
15,5,614.66
194,2,865.6
428,2,1020.9000000000001
3,5,1455.23
15,20,7434.31
27,10,4248.74
127,3,1009.6
85,2,663.61
71,3,1301.78
420,2,540.87
667,1,380.0
626,1,156.6
426,1,295.05
183,1,105.84
113,1,313.62
374,2,531.4
80,5,3163.67
594,2,341.59
249,3,1462.78
232,1,225.15
386,4,1361.28
71,4,612.36
401,2,605.9
69,1,213.5
4,28,7807.91
51,8,1071.1399999999999
75,1,181.09
61,5,1810.18
16,4,579.63
4,1,90.04
286,1,145.04999999999998
386,1,172.8
4,13,2153.41
41,3,684.25
36,2,763.33
75,2,482.47
563,2,432.45
724,1,60.48
404,2,357.66
18,25,5706.87
454,2,1288.72
15,7,5493.46
219,1,75.66
186,6,1785.13
33,9,3245.43
70,1,618.59
183,3,1179.79
626,1,291.5
15,2,500.42
236,1,151.85
31,5,2647.59
264,4,1938.33
4,6,1758.93
52,4,813.48
544,1,225.4
246,4,1015.24
81,2,810.5699999999999
275,5,1654.03
1,17,4413.1
79,1,322.8
30,7,2318.1
74,2,417.73
407,1,106.80000000000001
482,7,1892.52
486,2,406.4
17,6,2883.1
223,6,1814.61
407,1,473.0
438,4,3802.04
32,4,1154.47
23,15,2430.53
31,4,1747.98
398,1,179.4
106,2,554.5
5,3,1077.45
246,2,923.11
178,2,833.78
736,1,160.39
449,1,678.8
170,4,541.9
43,3,672.8
520,1,306.58000000000004
72,7,1916.11
587,1,136.2
59,16,17550.39
16,2,1212.66
141,8,1711.47
18,13,6548.37
22,30,16833.170000000002
10,4,933.62
368,6,814.07
189,1,39.12
16,7,1879.55
540,4,986.63
394,1,163.8
729,1,165.0
569,1,109.2
362,1,135.39999999999998
19,2,225.94
68,2,570.13
15,13,862.42
24,3,1374.8700000000001
17,20,8030.150000000001
28,3,1692.27
2,20,8134.9400000000005
679,1,188.83
55,2,319.61
442,2,608.86
34,6,2361.9
411,2,880.62
3,12,3109.99
366,3,793.06
43,3,821.45
73,7,1921.84
5,5,1028.0
534,1,320.25
4,55,147142.77
61,2,324.24
47,16,5070.92
391,1,157.63
1,4,1260.86
76,2,422.59999999999997
72,4,353.03
418,2,178.83
256,4,1914.6999999999998
69,5,1199.46
723,1,98.30000000000001
562,2,193.15
135,4,657.9000000000001
241,1,112.75
227,2,1998.0
380,7,994.6
9,25,9167.710000000001
9,26,9916.73
415,4,1110.83
618,2,695.66
1,42,43515.051
37,3,531.35
400,4,551.11
46,1,656.63
85,14,9087.460000000001
19,22,6349.09
3,9,2868.48
9,13,4266.99
19,32,14560.69
219,4,1529.8
78,2,625.52
267,3,2149.6800000000003
24,14,6986.2300000000005
369,5,3647.53
15,14,3973.3
26,3,795.48
262,1,292.47
17,22,8989.08
91,4,1301.63
405,1,147.35
302,14,1882.11
26,7,2088.41
364,4,1437.42
46,4,1054.67
38,21,7239.92
52,3,743.11
648,1,174.05
32,4,4387.64
530,1,259.68
52,3,650.51
79,14,6270.56
506,5,2956.56
53,2,835.1999999999999
298,1,3.75
177,2,786.43
395,1,236.81
625,1,173.06
47,14,2852.6099999999997
29,14,4253.26
11,7,1304.76
87,17,7194.3
5,42,18066.4
38,2,836.06
18,14,3637.33
591,2,4387.08
45,5,623.93
31,1,1764.72
373,1,415.0
58,1,223.92000000000002
372,29,67502.47
114,7,2900.58
215,7,1312.3700000000001
319,2,270.48
65,1,369.34000000000003
8,3,789.79
430,1,228.0
97,1,316.62
20,3,1501.38
199,2,964.6999999999999
4,13,2799.25
294,2,454.75
273,2,1145.6
31,15,8073.8
48,9,1708.12
260,4,1141.75
58,9,1932.13
33,10,3967.6
423,3,3723.5499999999997
57,3,421.24
68,8,1594.45
10,16,3056.89
60,2,619.85
80,5,1307.76
74,2,245.94
2,53,33268.24
100,3,605.55
372,2,934.25
10,38,10438.41
437,1,391.95
20,5,896.53
410,1,533.78
394,1,51.839999999999996
398,4,1035.43
123,5,1950.3
8,1,80.8
4,6,1545.6200000000001
29,15,4038.69
282,5,623.46
57,1,243.84
1,15,2090.91
365,3,2492.39
89,1,305.62
393,5,1827.77
554,3,848.71
432,2,495.98
11,1,1201.49
163,4,1619.73
679,2,582.61
65,1,332.3
23,3,536.99
174,5,1097.24
103,4,801.49
143,6,2123.88
99,2,288.42
23,9,1727.43
192,2,842.0400000000001
5,2,547.07
361,4,2392.0
8,10,1692.98
14,36,12499.710000000001
454,2,410.97
103,4,417.06
3,13,2804.9
11,11,3349.57
465,2,182.59
96,1,497.61
382,1,113.35
686,1,181.39
227,7,2260.09
16,3,686.24
39,5,1826.89
51,1,341.7
393,5,392.13
93,2,128.5
157,2,513.32
39,4,1207.5
565,1,91.8
184,5,417.61
1,6,2409.04
228,2,898.96
128,6,1538.41
40,4,782.37
31,11,3170.98
197,4,1159.61
9,44,22310.49
603,2,139.85
37,12,4006.06
101,3,1264.19
43,35,19571.43
563,2,614.34
618,1,253.88
50,3,842.41
43,2,614.89
53,4,1411.62
187,1,124.57
334,1,332.41
4,3,342.45
10,2,144.91000000000003
417,2,1408.96
24,2,328.4
15,3,358.49
443,1,352.8
369,10,4668.28
145,7,1932.41
453,3,1610.62
60,5,946.59
547,4,662.33
31,3,998.52
434,2,409.25
402,1,130.95
141,3,207.73999999999998
690,1,76.74000000000001
394,3,393.39
23,4,825.42
469,1,450.15999999999997
22,6,2812.34
77,6,1213.13
5,12,14617.39
379,1,217.74
67,11,4234.53
404,1,136.01
12,6,853.72
84,1,13.3
31,8,1840.86
67,1,432.0
67,3,705.12
187,19,2396.59
38,4,1073.92
15,4,710.74
456,1,134.0
35,3,660.72
401,3,437.15
195,6,2530.9
477,3,285.41
2,11,2056.82
1,7,762.1
367,2,401.77
502,3,1324.06
65,5,1121.42
555,1,103.95
299,2,289.78
26,5,1016.37
8,8,1721.02
17,3,887.11
729,1,204.26
116,1,1706.88
29,3,1062.28
4,21,5132.37
5,17,5034.15
82,7,1448.8
29,9,1707.9
722,1,252.59
72,1,379.14
4,8,1510.06
636,2,255.25
29,15,4480.31
290,3,423.90999999999997
36,1,208.46
9,11,1543.18
24,4,1123.4
277,2,1857.83
50,16,3213.29
156,24,5125.91
411,1,355.45
61,3,446.67
573,1,611.08
12,32,13378.36
21,3,846.75
540,1,125.65
371,5,1421.35
116,3,543.05
80,29,4113.23
4,7,1295.39
26,3,380.55
5,23,5233.62
53,3,440.71
1,9,3181.25
55,6,2110.9900000000002
382,3,535.1
26,2,551.17
499,1,202.1
9,9,7043.18
489,3,449.0
52,8,6427.66
612,1,33.0
13,9,1920.59
212,5,1299.49
610,1,101.36
22,33,8548.16
383,5,1222.04
236,5,955.21
139,7,868.77
4,6,1286.27
57,10,3784.37
135,3,1277.75
109,5,798.78
30,1,20.8
1,20,6081.88
185,6,1309.41
18,1,308.74
239,2,416.64
435,1,809.44
87,1,117.35000000000001
39,8,2043.43
116,3,794.56
410,1,251.04
187,1,110.55000000000001
733,2,207.85
227,1,201.19
8,7,2154.97
189,1,319.02
4,2,439.43
39,3,650.41
626,1,71.4
38,1,357.21
383,2,786.25
386,1,127.0
523,2,365.5
423,3,926.12
267,1,251.51999999999998
395,4,496.0
78,3,768.88
4,9,2859.74
255,3,1473.3300000000002
61,1,384.06
13,11,3710.22
88,9,10754.8
17,23,10923.16
30,11,4888.75
3,11,2535.9
5,2,382.67
7,6,1133.25
219,2,344.0
421,1,1041.21
11,13,5476.5
464,2,1950.9499999999998
30,9,2123.61
288,3,702.0
150,5,402.0
23,2,484.82
396,2,406.3
1,19,6640.8
86,7,2571.55
402,4,830.16
46,4,2425.16
471,2,742.36
5,8,1636.32
51,7,1120.1
429,1,81.36
551,1,242.06
18,1,195.36
30,3,671.7
725,1,384.16
8,3,586.33
29,3,1842.56
577,1,552.4
3,29,14110.61
41,6,2287.7
11,11,4012.2
542,2,935.62
442,6,1182.22
31,2,260.0
417,3,800.18
45,3,95.85
61,5,1510.6399999999999
185,3,208.98
79,9,1327.1100000000001
581,3,1593.83
111,7,2137.3
64,1,146.87
12,6,2773.85
548,8,3004.6
86,4,1332.79
16,5,1283.92
246,4,613.59
383,1,176.9
88,1,1267.32
30,2,743.17
604,1,1954.99
138,2,463.25
27,6,1686.28
3,5,1044.3799999999999
32,8,2616.55
25,12,11962.3
113,5,827.6800000000001
157,5,1906.07
85,6,2289.23
118,7,2071.68
3,19,9947.48
96,11,4691.79
194,4,714.39
28,1,413.75
131,1,498.48
28,5,1356.33
446,1,239.55
738,1,128.60000000000002
596,1,294.74
82,3,1179.89
30,9,5602.53
266,1,234.24
74,11,5232.2300000000005
314,6,1208.22
21,13,3638.53
59,3,859.35
638,2,194.7
726,1,228.34
725,3,454.54
12,47,9161.08
28,14,5794.28
114,2,445.32
28,13,3801.2000000000003
625,1,282.05
18,4,1446.09
563,1,203.05
18,10,2241.73
36,6,1242.75
578,1,306.0
36,2,378.2
78,1,118.80000000000001
22,7,957.53
25,6,964.39
33,6,4732.03
109,9,4049.79
35,3,5202.97
123,28,7891.41
7,6,2050.08
738,1,221.53
28,4,1991.01
386,1,128.45
4,13,3149.48
3,19,7811.1
50,11,5594.96
593,1,235.88
322,2,402.20000000000005
23,7,2572.25
15,11,3759.18
2,9,1340.45
382,3,591.0699999999999
533,1,582.17
18,2,971.74
10,7,2507.05
262,1,25.5
722,1,424.3
424,1,474.03
159,2,665.78
389,1,491.23
33,10,16075.42
664,1,174.95
29,8,1295.46
165,3,510.7
47,2,476.58
503,1,205.17
574,6,2322.59
6,8,808.62
8,7,2761.4900000000002
648,1,389.78
288,1,116.19999999999999
318,1,157.02
3,2,606.91
233,1,307.46
403,1,314.74
119,4,570.5
162,3,977.17
185,1,298.89
50,1,259.35
152,9,2070.44
429,5,1155.0300000000002
335,1,157.09
520,1,31.85
5,5,2463.17
452,2,1272.8
16,12,14622.33
107,3,637.1
16,10,1954.16
662,1,231.68
416,6,1133.63
276,7,4417.27
16,25,19584.46
247,1,465.32
418,4,754.33
239,4,1283.75
417,2,924.11
1,2,984.57
513,4,3120.91
106,13,5860.24
23,9,3199.95
52,1,124.88
451,1,143.10000000000002
377,6,1375.65
735,1,231.90000000000003
195,4,2016.5
24,1,213.78
75,1,329.34
18,7,892.46
492,1,591.87
8,19,5151.9
32,5,1980.0
22,5,2099.59
31,17,10209.16
444,1,856.01
29,10,1715.46
22,4,699.78
33,7,2467.35
284,6,1794.32
39,2,206.34
380,3,867.11
499,1,400.2
58,3,1156.73
374,2,178.68
289,2,384.59
79,3,956.5699999999999
5,8,3766.6
218,1,59.9
44,4,1443.69
202,3,902.3199999999999
505,1,119.5
731,1,436.71
178,6,1507.26
56,11,2256.98
57,3,465.37
423,2,321.3
8,6,3347.31
569,2,198.41000000000003
592,3,229.46
47,2,144.0
227,2,467.71
11,13,4592.93
106,5,957.63
59,7,1743.04
28,15,4836.05
536,1,77.83
36,9,2310.04
274,3,812.5
655,1,562.98
428,1,352.9
30,1,1013.01
24,3,1213.88
582,1,145.12
387,4,356.71
54,4,1242.04
421,1,160.65
36,10,5575.88
175,9,5504.6900000000005
54,3,999.35
53,1,204.24
652,1,303.21999999999997
396,1,115.35
649,3,611.6
393,1,253.37
27,13,4046.65
253,3,794.41
40,13,5182.3
60,6,1069.1200000000001
464,1,186.15
554,1,65.05
234,2,218.0
4,18,4192.68
32,2,259.13
24,21,4481.75
7,5,978.52
65,6,1605.01
310,3,873.53
501,1,100.86
582,1,131.15
309,3,900.12
19,12,2022.03
16,13,3177.24
96,2,318.76
264,18,9924.95
12,25,7197.04
3,2,421.52
35,3,560.86
183,1,149.89000000000001
25,8,1904.8799999999999
13,12,1929.26
11,4,1002.08
3,32,7783.1
313,4,1189.45
596,1,130.6
385,12,2744.14
108,5,2889.28
1,69,20889.86
53,5,1826.04
205,2,371.63
547,2,38.92
15,1,282.19
120,2,546.16
429,1,68.03
4,2,384.52
363,3,812.4300000000001
117,2,353.86
18,1,178.26
5,3,470.73
41,4,799.13
107,5,498.93
436,2,192.73
397,2,417.3
148,6,1889.34
411,1,120.95
510,1,230.44
52,11,2757.62
208,1,63.440000000000005
424,1,279.59
139,2,562.9
2,5,517.73
127,2,317.62
108,11,1733.8899999999999
386,1,537.46
469,2,604.4
736,1,210.39
42,4,2148.63
424,1,141.12
35,2,577.38
383,1,114.52
402,1,508.39
228,2,1065.3500000000001
241,2,271.24
58,1,187.82999999999998
438,1,118.85999999999999
374,6,797.8499999999999
130,5,2339.66
379,1,188.46
60,8,2793.16
628,2,428.34
22,3,395.48
26,21,4111.96
9,11,2499.98
32,9,2079.39
4,8,1501.44
308,1,550.8000000000001
472,2,271.75
8,17,3774.23
669,2,467.78999999999996
29,3,556.95
730,1,338.13
17,1,131.78
101,5,957.5600000000001
12,6,1016.08
391,2,393.64
21,2,330.43
15,5,1135.63
361,1,250.04
534,1,111.5
649,1,2135.46
11,21,9782.35
395,11,3999.8900000000003
393,2,4511.76
95,3,330.59000000000003
387,2,1025.1
78,6,3566.56
139,3,644.3
31,1,2328.84
25,17,4904.43
2,43,9650.6
420,1,124.45
46,3,2600.34
725,1,164.28
669,1,29.1
100,6,2895.77
8,6,1741.18
376,5,922.59
15,12,1565.59
18,12,2301.87
280,3,609.5699999999999
408,2,321.95
410,2,152.35
673,1,104.7
14,5,1004.4300000000001
23,4,423.8
124,1,175.2
528,5,838.27
86,1,494.25
302,3,635.15
384,2,508.0
472,1,81.12
151,4,2027.8700000000001
17,17,12142.57
94,3,362.36
30,18,22404.82
157,5,1889.83
380,4,1227.54
355,6,1259.94
46,2,468.11
15,10,1604.68
4,26,5323.0
86,1,228.96
15,9,2476.41
179,5,852.25
8,7,1906.041
36,12,1988.23
696,1,36.25
129,4,3242.0
51,4,3143.46
386,1,285.11
312,5,946.47
24,2,388.14
303,5,866.05
11,2,284.46
17,6,1231.3799999999999
49,5,880.64
239,7,1024.04
395,3,940.86
1,28,12070.42
13,15,8224.98
432,2,1096.24
238,1,168.4
23,14,2826.14
456,1,979.1999999999999
73,4,446.18
17,6,662.55
41,28,4377.56
40,7,1167.5
219,3,727.11
199,4,660.55
71,4,453.64
24,78,18319.41
374,1,10.95
11,1,404.66
434,3,645.0
9,38,40002.37
65,8,902.28
4,2,309.99
19,3,507.55
15,1,261.11
8,7,2812.77
20,2,784.11
78,11,2691.57
1,61,57224.68
421,1,149.3
164,2,508.8
307,3,626.56
411,2,381.15
219,1,203.86999999999998
508,1,97.5
39,14,8807.1
22,3,1233.18
115,3,653.38
126,8,4677.05
541,1,114.85
5,23,5096.18
36,2,400.57
4,23,47781.12
1,3,1031.41
333,13,4905.05
412,1,552.9
163,3,316.09000000000003
185,10,7793.51
16,5,1214.72
12,5,1425.38
3,16,4417.52
405,2,560.14
44,6,2249.52
80,1,507.84
30,22,17298.45
549,1,164.18
42,3,670.0600000000001
11,18,6500.52
50,6,1084.43
386,3,1059.41
16,11,3594.76
46,3,1118.95
19,2,759.17
8,13,8077.77
72,1,100.8
1,45,31819.760000000002
128,5,1357.46
33,4,735.17
313,1,403.3
18,9,1751.39
88,2,569.96
2,7,2373.82
411,1,331.35
2,5,534.06
530,1,373.17
254,5,1422.77
656,1,325.74
157,4,323.58
732,1,293.35
37,15,4620.3
220,1,534.24
148,3,2940.04
177,2,120.9
40,2,541.53
497,46,14556.97
2,13,4951.15
8,51,246973.09
1,7,1721.4
18,2,486.71999999999997
192,10,1547.94
204,1,131.7
365,2,1225.42
127,14,5984.8099999999995
15,2,529.58
43,2,657.3
94,16,2228.27
23,3,757.46
60,2,675.69
16,7,2557.91
158,3,1000.94
426,7,2542.79
10,2,763.28
395,1,102.6
10,3,194.8
16,17,5051.25
45,11,2804.87
475,1,321.65000000000003
191,4,935.1
409,2,607.0
600,1,1047.0
79,1,194.37
396,2,489.86
613,2,1144.3
408,2,1272.8
633,1,389.26000000000005
78,2,902.03
4,4,1255.59
487,2,778.19
65,4,591.73
576,2,209.57
261,1,396.87
728,1,160.55
641,1,336.5
59,2,376.64
1,9,2750.5
1,17,5981.07
248,3,1122.42
385,1,100.91000000000001
502,1,54.699999999999996
8,3,806.72
359,4,1412.89
390,2,287.25
76,1,272.22
290,2,1341.39
17,3,1138.0
221,2,288.6
9,4,689.1
3,2,558.96
206,18,9565.12
162,5,2435.48
76,1,302.2
262,2,605.58
281,8,4579.23
58,8,6115.14
25,2,514.56
3,60,175603.55
29,18,5467.820000000001
72,3,1158.8
128,2,542.83
31,9,1617.46
15,6,957.55
309,1,153.94
426,2,329.42
17,15,5109.47
54,1,546.81
30,5,1278.06
2,5,1070.71
11,4,652.74
361,3,539.14
360,3,1161.9
5,12,4166.04
54,4,939.37
1,8,3628.5
610,2,1240.25
1,12,3141.51
190,3,1266.82
386,1,65.34
435,1,34.8
54,5,1668.83
280,1,164.4
177,3,364.83
30,2,897.62
26,1,98.42
618,4,1226.57
25,6,1590.6000000000001
510,1,124.46
270,3,341.7
550,1,120.05
390,3,960.69
43,6,1448.54
376,2,727.85
234,4,731.26
24,2,148.86
197,9,2547.64
359,1,306.84
60,12,3085.29
130,4,3757.6
1,5,1952.45
20,5,1057.74
206,2,300.67
14,4,575.46
393,1,259.17
513,1,167.62
95,9,1895.8
19,4,722.34
14,7,1122.38
578,2,392.38
24,3,454.01
587,1,131.83
8,2,901.21
7,9,5356.03
633,1,382.79
332,1,344.14
382,1,100.0
50,5,1703.75
71,10,723.01
29,3,380.6
243,1,185.65
667,1,171.7
8,41,9056.81
645,2,348.75
218,7,1047.33
5,4,753.28
253,5,545.27
1,43,18757.75
236,5,1450.7
560,1,135.95
7,6,5309.42
109,7,2093.3
619,1,167.4
628,1,181.66
100,7,2939.55
60,18,14049.87
2,3,1479.22
73,8,2776.67
739,1,148.3
4,11,8095.8
85,4,2497.88
12,2,388.79
23,13,4920.67
214,5,3484.09
381,1,409.98
478,1,52.05
18,1,161.67000000000002
239,2,421.48
2,14,7451.13
78,4,1793.48
217,6,945.9300000000001
590,1,160.75
737,1,87.30000000000001
376,1,333.81
33,4,498.53
41,11,1894.34
540,5,1529.49
7,28,8371.98
53,18,5394.86
23,14,4559.150000000001
57,1,390.07
130,6,733.2
174,4,1060.8
559,1,395.33
6,11,4073.2400000000002
312,1,218.52
60,1,81.44
21,6,3175.12
598,2,1130.21
33,7,2383.67
15,4,1568.63
18,8,6067.8
603,1,254.0
479,1,296.36
81,1,75.75
6,10,2455.52
170,2,503.59999999999997
2,7,998.49
31,7,2057.39
36,9,2361.9700000000003
424,3,1265.58
19,1,285.56
31,2,547.0600000000001
647,2,842.4
276,6,615.17
87,6,3168.94
120,5,1824.49
373,2,541.25
1,20,6028.6
219,12,4149.79
65,3,331.65999999999997
61,5,2216.37
138,3,1578.89
21,1,166.08
12,16,5703.52
25,12,4867.72
37,4,1207.56
277,1,117.55
11,9,3652.48
73,5,1674.69
430,1,126.0
26,2,595.42
17,14,3834.79
141,2,359.47
662,2,412.92
26,17,5175.83
19,4,1166.23
493,1,563.1
4,5,2047.8
66,9,3950.7
1,2,347.75
43,10,6142.35
228,1,205.7
16,5,2403.34
50,7,5778.63
2,13,4233.58
74,2,851.7
1,70,38259.6
4,10,2765.84
2,54,36692.91
264,2,599.76
53,7,3577.61
24,3,497.45
597,5,731.2
10,11,4456.78
386,3,819.01
44,1,239.41
17,12,5943.17
7,9,8296.81
421,1,432.68
394,1,304.2
388,2,317.08
30,20,7448.1
358,4,780.0500000000001
127,12,2975.8
137,1,200.47
142,3,1695.97
132,5,1746.04
38,27,7679.59
236,1,338.95
261,1,154.95
477,2,442.0
17,14,6679.97
253,1,417.95
30,6,3144.04
35,4,1094.84
169,2,885.19
3,11,2083.9
4,31,20749.98
185,8,609.3000000000001
188,4,887.9300000000001
170,5,671.01
424,1,293.5
11,2,385.1
45,1,522.91
382,4,1198.09
321,5,1410.18
201,2,489.59999999999997
23,24,15956.97
421,1,376.92
232,2,439.18
38,15,5396.04
26,10,2768.91
659,1,307.21000000000004
96,5,4430.36
127,7,3378.4000000000005
71,3,1033.0
16,11,3439.08
395,7,1092.06
15,1,1060.25
4,5,4238.76
596,1,438.65000000000003
3,20,7773.8
79,6,1708.99
373,8,2470.39
39,2,692.19
54,6,1442.32
2,26,17244.93
9,3,377.44
9,2,168.24
19,13,4183.56
12,18,7730.59
389,6,426.9
407,2,101.1
113,11,2098.48
448,1,229.2
4,7,2649.14
478,2,600.34
240,4,904.1800000000001
113,1,71.4
527,1,358.15
178,3,1026.18
5,9,1797.57
421,1,157.85999999999999
359,1,80.64
464,4,390.56
1,13,4577.53
376,3,733.7
1,56,9422.45
19,12,5012.53
17,5,1276.91
22,6,918.93
33,1,712.78
456,1,129.75
263,4,86.15
51,5,1623.64
159,4,530.8
381,2,299.61
15,2,413.05
8,7,3509.51
13,17,7103.08
199,5,1143.27
57,4,387.41
11,3,384.77
514,2,585.27
97,9,3328.05
255,1,56.4
387,2,338.56
25,3,665.86
662,1,197.70000000000002
21,3,658.57
667,3,352.91
159,2,188.02
383,2,679.02
72,3,379.91
550,1,112.86
53,3,403.38
85,2,278.74
153,4,2601.4700000000003
74,2,1117.9
281,2,397.15
27,20,2783.61
30,1,106.1
467,2,370.05
25,1,323.04
687,2,147.3
180,2,350.39
40,7,1361.99
22,8,1985.87
582,1,183.09
22,20,6341.89
37,9,1199.01
451,3,798.3299999999999
82,10,5053.12
392,1,184.66
376,3,385.23
74,2,927.03
11,1,546.04
395,3,437.87
549,4,262.64
16,20,11337.39
669,2,374.81
4,47,9609.8
13,7,1165.8899999999999
14,5,1770.8799999999999
375,2,1617.32
393,1,591.96
37,6,112.32
4,6,807.85
738,1,130.18
72,12,6612.5199999999995
374,1,183.56
406,1,334.62
420,5,2188.5
421,2,494.25
51,1,298.4
599,4,731.96
374,1,134.59
5,6,2388.05
23,4,1820.09
299,5,4756.74
2,3,398.7
33,1,35.400000000000006
50,1,155.37
723,1,342.36
415,2,730.47
3,3,350.64
47,1,110.21000000000001
42,8,1593.38
27,13,6722.900000000001
42,1,338.8
444,1,185.72
2,211,70884.07
602,1,430.69
303,2,326.23
107,1,51.559999999999995
555,4,598.19
85,1,2033.1
516,2,129.69
81,30,3650.9
218,8,1063.76
372,155,56600.08
422,6,1563.34
12,5,663.21
407,3,1608.19
185,6,1071.45
373,1,417.94
2,4,1418.03
4,24,28682.24
6,30,12797.65
305,1,148.21
369,4,1015.54
3,18,5127.69
324,4,1279.09
59,12,5745.2
13,5,924.32
31,46,26374.39
143,3,1134.95
30,15,1621.2800000000002
386,1,234.65
107,7,1036.16
2,13,3108.15
205,5,1118.99
382,1,235.87
80,18,6515.88
185,6,683.46
688,1,167.1
400,3,3424.02
170,1,237.61
44,3,1412.33
174,1,178.51999999999998
365,3,824.9200000000001
304,1,133.35000000000002
379,2,313.46
3,7,995.85
4,20,3072.89
12,1,190.19
32,6,1608.38
129,1,111.35
21,25,1820.44
212,7,774.87
323,2,602.09
162,1,203.85999999999999
56,3,244.1
225,1,112.25
72,18,2453.38
44,1,98.0
23,1,256.32
173,9,2585.0
85,4,299.18
159,1,155.8
190,2,112.19999999999999
29,3,260.08
547,1,216.39999999999998
394,1,381.09000000000003
21,1,191.67
71,13,2383.52
247,1,72.9
641,1,291.76
374,5,1411.54
737,1,132.55
726,1,261.7
9,1,366.23
310,6,375.5
59,14,3479.64
4,1,336.43
551,1,242.13
629,2,43.87
45,3,341.28
501,3,396.39
88,2,1840.32
4,54,24516.46
64,10,2423.5
543,1,170.4
282,3,497.0
12,8,3536.7000000000003
373,1,488.16
133,5,1035.49
722,1,294.0
45,3,341.24
11,12,3082.1
36,13,4275.22
134,14,3437.29
29,3,1331.57
632,1,114.69
52,3,1049.15
138,7,686.14
5,1,389.84
9,7,4301.22
420,1,144.29
160,1,99.14
49,16,30393.19
131,4,1433.28
8,1,77.50000000000001
423,1,75.41
697,3,360.35
233,2,149.57999999999998
37,1,176.68
147,1,358.56000000000006
1,118,118628.08
72,7,1432.81
40,4,1636.0800000000002
378,4,819.61
540,1,160.82
5,19,3966.05
199,6,949.9
249,1,12.75
66,1,111.68
117,2,973.88
592,1,140.75
171,3,135.08
21,100,2995.54
142,4,687.42
471,4,651.51
32,2,733.46
38,29,7240.9800000000005
38,10,1974.42
372,2,357.28999999999996
374,4,888.04
166,20,2369.94
211,1,582.59
548,1,161.94
242,1,136.04
52,1,337.04
25,6,1858.06
15,24,7028.83
372,1,706.38
29,2,1565.6299999999999
365,4,1461.76
36,4,757.71
166,4,1033.42
411,1,239.12
681,1,138.18
395,1,171.71
145,5,1191.27
22,1,634.95
56,1,20.8
185,5,1003.64
12,14,489.54
379,1,228.82999999999998
237,6,1527.6100000000001
225,3,320.55
389,1,254.13
617,1,235.19
122,11,2313.32
282,3,495.48
380,3,482.33
74,8,1970.6699999999998
380,3,639.24
37,3,730.9
564,1,124.25
12,6,953.84
376,4,249.92
376,1,358.61
362,1,169.47
4,2,249.72
23,4,997.86
393,1,220.32
70,23,19787.13
235,8,2155.83
257,1,174.8
373,2,527.03
723,1,115.3
155,2,187.29
28,1,166.42
4,1,120.03
32,7,1960.46
81,4,688.0
108,4,297.99
52,1,38.45
544,1,190.48000000000002
510,2,227.06
36,5,1651.79
153,2,389.78
380,6,1177.72
501,2,2074.07
99,1,115.31
583,1,192.05
642,1,433.77
4,2,230.64999999999998
379,1,462.09999999999997
334,1,73.5
65,1,97.97
22,3,793.7
36,5,1276.74
32,11,1563.6399999999999
154,15,167.42
556,1,149.41
374,4,579.17
19,2,357.20000000000005
12,38,8752.38
54,2,281.15
25,3,875.97
4,18,3505.61
45,1,189.4
650,1,189.63
381,2,342.69
203,3,401.73
437,2,556.52
359,2,412.06
634,7,2282.28
565,1,10877.18
71,3,571.07
393,1,176.5
7,14,11195.57
288,2,554.6
393,3,1203.56
10,3,774.06
23,3,306.46
408,2,1185.46
22,28,6488.97
173,6,1632.67
391,2,186.60000000000002
133,11,4495.03
6,29,5866.63
75,3,1440.4
40,1,396.33
289,1,101.69999999999999
26,11,4540.56
669,1,314.1
258,6,1428.63
186,1,247.44
114,12,3877.5200000000004
374,2,1509.04
23,20,5783.29
380,1,151.49
8,18,4338.56
217,4,844.6
45,5,4242.75
19,2,1231.5
36,3,343.45
26,1,703.37
398,1,470.72999999999996
16,3,812.93
330,4,1645.75
274,1,101.34
98,17,14761.519999999999
61,1,167.67000000000002
447,1,428.45
422,1,349.4
593,1,360.85
2,18,16179.44
93,8,4452.71
82,13,6391.52
313,5,2303.09
12,6,1805.28
8,11,4663.32
396,1,550.84
127,1,168.31
550,1,451.56
11,5,629.16
1,145,608821.65
549,1,105.8
37,1,754.64
38,1,113.48000000000002
330,6,1461.46
442,1,167.13
254,3,848.8100000000001
2,38,9893.96
20,2,435.43
589,1,405.85
12,4,775.96
369,1,152.64000000000001
290,1,220.1
698,1,9.700000000000001
68,13,2154.3
26,1,320.72
11,29,6733.22
368,1,362.24
214,1,111.15
149,2,673.1
8,6,1826.21
24,3,684.59
472,1,111.53
30,4,1142.99
61,1,206.82999999999998
19,4,561.53
537,1,420.04
243,1,112.55000000000001
15,3,1059.39
632,1,222.95999999999998
504,1,226.9
212,1,931.4999999999999
598,2,445.0
29,10,1249.6200000000001
63,5,1631.3600000000001
551,2,145.99
295,1,152.65
18,6,8438.34
474,1,536.41
402,2,882.47
157,2,1019.52
117,2,1000.16
8,19,5058.0
13,11,5617.79
141,2,160.35000000000002
46,2,179.33999999999997
647,1,114.10000000000001
51,7,1624.71
32,3,566.58
135,6,1879.44
646,1,426.69
659,1,246.22
3,5,932.6
75,3,371.62
13,2,941.1700000000001
571,1,215.35
9,2,453.4
301,1,530.15
57,3,1003.88
15,6,1803.1000000000001
732,1,379.16
584,1,728.84
37,1,399.65000000000003
177,1,302.46000000000004
624,1,175.5
23,3,1384.8600000000001
176,16,3770.27
61,1,202.65
33,9,2878.0
59,9,2437.31
15,52,17479.84
87,5,2696.36
7,2,162.5
676,1,176.1
358,1,476.35
31,9,2216.87
129,11,6103.74
9,8,2547.55
5,6,1843.75
24,5,1205.94
463,1,291.13
227,2,632.07
15,1,49.8
249,1,304.25
723,1,329.58
632,1,724.89
15,6,3280.59
78,3,1403.73
192,5,745.62
262,2,529.4
72,1,957.97
165,3,1207.35
82,6,4162.04
387,1,101.16
95,4,1464.31
576,1,230.1
4,17,5425.56
684,1,344.75
106,1,163.8
723,1,447.53000000000003
200,3,1396.99
157,4,504.42
71,3,1993.7
36,2,517.36
553,1,314.65999999999997
499,1,544.47
566,1,360.08
29,1,139.10000000000002
2,7,2768.83
26,5,600.07
326,2,546.72
237,1,232.48000000000002
531,4,1780.34
89,5,2247.4900000000002
31,1,481.75
29,4,945.04
211,4,1142.0
3,17,3562.89
227,6,1921.76
22,6,1424.94
93,1,443.0
5,26,14000.85
264,1,158.95000000000002
3,26,13054.26
44,26,11878.88
218,2,388.75
57,2,779.9
12,28,10803.710000000001
9,9,4291.06
192,28,6880.97
82,4,592.97
326,1,440.0
552,1,179.6
72,3,1796.48
30,12,1795.3500000000001
3,5,987.1
515,1,270.92
219,6,2150.36
46,1,422.58
10,21,2986.9900000000002
72,8,3605.21
414,1,515.78
431,2,568.64
7,20,6324.9800000000005
24,3,758.8199999999999
415,3,839.73
123,2,804.02
17,1,95.34
310,1,349.27
87,9,26278.86
51,7,1542.09
643,1,317.88
581,1,267.9
89,2,303.15
388,1,110.7
39,12,4600.15
464,6,2059.67
25,7,4318.200000000001
173,23,9962.11
43,2,324.24
140,3,577.54
26,3,1213.1599999999999
499,1,603.25
72,2,801.51
434,1,251.1
673,1,269.37
134,6,1490.23
366,1,337.2
38,3,444.55
610,2,680.85
3,9,4385.9800000000005
2,4,357.0
30,1,175.92
578,2,741.85
44,6,1656.52
58,5,1180.05
74,2,414.20000000000005
519,1,231.33999999999997
278,2,488.15000000000003
181,2,201.14
8,2,178.05
4,22,2736.65
432,1,461.68
661,1,427.0
477,2,1296.43
43,7,4182.99
